{
  "url": "https://www.11ty.dev/",
  "requestedUrl": "https://www.11ty.dev/",
  "timestamp": 1601359494571,
  "ranks": {
    "hundos": 1,
    "performance": 2,
    "accessibility": 2,
    "cumulative": 1
  },
  "lighthouse": {
    "version": "6.3.0",
    "performance": 1,
    "accessibility": 1,
    "bestPractices": 1,
    "seo": 1,
    "total": 400
  },
  "firstContentfulPaint": 1141.5720000000001,
  "speedIndex": 1141.5720000000001,
  "largestContentfulPaint": 1141.5720000000001,
  "totalBlockingTime": 0,
  "cumulativeLayoutShift": 0.09366224924723307,
  "timeToInteractive": 1141.5720000000001,
  "maxPotentialFirstInputDelay": 26,
  "timeToFirstByte": 16.415999999999997,
  "weight": {
    "summary": "19 requests • 79 KiB",
    "total": 81098,
    "image": 22380,
    "imageCount": 15,
    "script": 7679,
    "scriptCount": 1,
    "document": 32195,
    "font": 15549,
    "fontCount": 1,
    "stylesheet": 3295,
    "stylesheetCount": 1,
    "thirdParty": 15549,
    "thirdPartyCount": 1
  },
  "axe": {
    "passes": 696,
    "violations": 0
  }
}