{
  "url": "https://www.11ty.dev/",
  "requestedUrl": "https://www.11ty.dev/",
  "timestamp": 1600063411175,
  "ranks": {
    "hundos": 2,
    "performance": 2,
    "accessibility": 2,
    "cumulative": 1
  },
  "lighthouse": {
    "version": "6.3.0",
    "performance": 0.99,
    "accessibility": 1,
    "bestPractices": 1,
    "seo": 1,
    "total": 399
  },
  "firstContentfulPaint": 1048.115,
  "speedIndex": 1048.115,
  "largestContentfulPaint": 1048.115,
  "totalBlockingTime": 47.5,
  "cumulativeLayoutShift": 0.15694444444444444,
  "timeToInteractive": 1145.615,
  "maxPotentialFirstInputDelay": 107,
  "timeToFirstByte": 7.4040000000000035,
  "weight": {
    "summary": "17 requests • 75 KiB",
    "total": 76784,
    "image": 18082,
    "imageCount": 13,
    "script": 7645,
    "scriptCount": 1,
    "document": 32180,
    "font": 15550,
    "fontCount": 1,
    "stylesheet": 3327,
    "stylesheetCount": 1,
    "thirdParty": 15550,
    "thirdPartyCount": 1
  },
  "axe": {
    "passes": 696,
    "violations": 0
  }
}