{
  "url": "https://www.11ty.dev/",
  "requestedUrl": "https://www.11ty.dev/",
  "timestamp": 1599372188839,
  "ranks": {
    "hundos": 1,
    "performance": 2,
    "accessibility": 2,
    "cumulative": 1
  },
  "lighthouse": {
    "version": "6.3.0",
    "performance": 1,
    "accessibility": 1,
    "bestPractices": 1,
    "seo": 1,
    "total": 400
  },
  "firstContentfulPaint": 1348.068,
  "speedIndex": 1348.068,
  "largestContentfulPaint": 1359.068,
  "totalBlockingTime": 0,
  "cumulativeLayoutShift": 0.0006124674479166667,
  "timeToInteractive": 1359.068,
  "maxPotentialFirstInputDelay": 29,
  "timeToFirstByte": 71.12699999999998,
  "weight": {
    "summary": "18 requests • 76 KiB",
    "total": 77911,
    "image": 19221,
    "imageCount": 14,
    "script": 7655,
    "scriptCount": 1,
    "document": 32163,
    "font": 15550,
    "fontCount": 1,
    "stylesheet": 3322,
    "stylesheetCount": 1,
    "thirdParty": 15550,
    "thirdPartyCount": 1
  },
  "axe": {
    "passes": 690,
    "violations": 0
  }
}