{
  "url": "https://www.11ty.dev/",
  "requestedUrl": "https://www.11ty.dev/",
  "timestamp": 1607061685932,
  "ranks": {
    "hundos": 2,
    "performance": 3,
    "accessibility": 1,
    "cumulative": 1
  },
  "lighthouse": {
    "version": "6.5.0",
    "performance": 0.99,
    "accessibility": 1,
    "bestPractices": 1,
    "seo": 1,
    "total": 399
  },
  "firstContentfulPaint": 1211.3039999999999,
  "speedIndex": 1211.3039999999999,
  "largestContentfulPaint": 1858.7599999999998,
  "totalBlockingTime": 0,
  "cumulativeLayoutShift": 0.0958967013888889,
  "timeToInteractive": 1211.3039999999999,
  "maxPotentialFirstInputDelay": 43,
  "timeToFirstByte": 14.244,
  "weight": {
    "summary": "20 requests • 105 KiB",
    "total": 107525,
    "image": 48403,
    "imageCount": 16,
    "script": 7789,
    "scriptCount": 1,
    "document": 32523,
    "font": 15509,
    "fontCount": 1,
    "stylesheet": 3301,
    "stylesheetCount": 1,
    "thirdParty": 15509,
    "thirdPartyCount": 1
  },
  "axe": {
    "passes": 701,
    "violations": 0
  }
}