{
  "url": "https://www.11ty.dev/",
  "requestedUrl": "https://www.11ty.dev/",
  "timestamp": 1602309900988,
  "ranks": {
    "hundos": 1,
    "performance": 2,
    "accessibility": 2,
    "cumulative": 1
  },
  "lighthouse": {
    "version": "6.4.1",
    "performance": 1,
    "accessibility": 1,
    "bestPractices": 1,
    "seo": 1,
    "total": 400
  },
  "firstContentfulPaint": 1104.5970000000002,
  "speedIndex": 1104.5970000000002,
  "largestContentfulPaint": 1104.5970000000002,
  "totalBlockingTime": 0,
  "cumulativeLayoutShift": 0.09366224924723307,
  "timeToInteractive": 1104.5970000000002,
  "maxPotentialFirstInputDelay": 43,
  "timeToFirstByte": 19.102000000000004,
  "weight": {
    "summary": "18 requests • 77 KiB",
    "total": 79086,
    "image": 20388,
    "imageCount": 14,
    "script": 7678,
    "scriptCount": 1,
    "document": 32175,
    "font": 15550,
    "fontCount": 1,
    "stylesheet": 3295,
    "stylesheetCount": 1,
    "thirdParty": 15550,
    "thirdPartyCount": 1
  },
  "axe": {
    "passes": 696,
    "violations": 0
  }
}