{
  "url": "https://www.11ty.dev/",
  "requestedUrl": "https://www.11ty.dev/",
  "timestamp": 1600668116383,
  "ranks": {
    "hundos": 1,
    "performance": 2,
    "accessibility": 2,
    "cumulative": 1
  },
  "lighthouse": {
    "version": "6.3.0",
    "performance": 0.99,
    "accessibility": 1,
    "bestPractices": 1,
    "seo": 1,
    "total": 399
  },
  "firstContentfulPaint": 1245.2649999999999,
  "speedIndex": 1245.2649999999999,
  "largestContentfulPaint": 1323.2649999999999,
  "totalBlockingTime": 96.5,
  "cumulativeLayoutShift": 0.15694444444444444,
  "timeToInteractive": 1391.7649999999999,
  "maxPotentialFirstInputDelay": 156,
  "timeToFirstByte": 4.5959999999999965,
  "weight": {
    "summary": "17 requests • 75 KiB",
    "total": 76831,
    "image": 18130,
    "imageCount": 13,
    "script": 7645,
    "scriptCount": 1,
    "document": 32179,
    "font": 15550,
    "fontCount": 1,
    "stylesheet": 3327,
    "stylesheetCount": 1,
    "thirdParty": 15550,
    "thirdPartyCount": 1
  },
  "axe": {
    "passes": 696,
    "violations": 0
  }
}