{
  "url": "https://www.11ty.dev/",
  "requestedUrl": "https://www.11ty.dev/",
  "timestamp": 1603951539677,
  "ranks": {
    "hundos": 1,
    "performance": 2,
    "accessibility": 2,
    "cumulative": 1
  },
  "lighthouse": {
    "version": "6.4.1",
    "performance": 1,
    "accessibility": 1,
    "bestPractices": 1,
    "seo": 1,
    "total": 400
  },
  "firstContentfulPaint": 1084.013,
  "speedIndex": 1084.013,
  "largestContentfulPaint": 1084.013,
  "totalBlockingTime": 5.5,
  "cumulativeLayoutShift": 0.09366224924723307,
  "timeToInteractive": 1158.013,
  "maxPotentialFirstInputDelay": 60,
  "timeToFirstByte": 21.229000000000013,
  "weight": {
    "summary": "18 requests • 77 KiB",
    "total": 78665,
    "image": 19976,
    "imageCount": 14,
    "script": 7646,
    "scriptCount": 1,
    "document": 32184,
    "font": 15531,
    "fontCount": 1,
    "stylesheet": 3328,
    "stylesheetCount": 1,
    "thirdParty": 15531,
    "thirdPartyCount": 1
  },
  "axe": {
    "passes": 696,
    "violations": 0
  }
}