{
  "url": "https://www.11ty.dev/",
  "requestedUrl": "https://www.11ty.dev/",
  "timestamp": 1601964103256,
  "ranks": {
    "hundos": 1,
    "performance": 2,
    "accessibility": 2,
    "cumulative": 1
  },
  "lighthouse": {
    "version": "6.4.1",
    "performance": 1,
    "accessibility": 1,
    "bestPractices": 1,
    "seo": 1,
    "total": 400
  },
  "firstContentfulPaint": 1240.971,
  "speedIndex": 1298.9015190551283,
  "largestContentfulPaint": 1259.971,
  "totalBlockingTime": 0,
  "cumulativeLayoutShift": 0.09295138888888889,
  "timeToInteractive": 1259.971,
  "maxPotentialFirstInputDelay": 44,
  "timeToFirstByte": 17.049000000000035,
  "weight": {
    "summary": "19 requests • 79 KiB",
    "total": 80642,
    "image": 21936,
    "imageCount": 15,
    "script": 7650,
    "scriptCount": 1,
    "document": 32180,
    "font": 15549,
    "fontCount": 1,
    "stylesheet": 3327,
    "stylesheetCount": 1,
    "thirdParty": 15549,
    "thirdPartyCount": 1
  },
  "axe": {
    "passes": 696,
    "violations": 0
  }
}