{
  "url": "https://www.11ty.dev/",
  "requestedUrl": "https://www.11ty.dev/",
  "timestamp": 1608012220461,
  "ranks": {
    "hundos": 2,
    "performance": 3,
    "accessibility": 1,
    "cumulative": 1
  },
  "lighthouse": {
    "version": "6.5.0",
    "performance": 0.98,
    "accessibility": 1,
    "bestPractices": 1,
    "seo": 1,
    "total": 398
  },
  "firstContentfulPaint": 1380.6029999999998,
  "speedIndex": 1380.6029999999998,
  "largestContentfulPaint": 2066.997,
  "totalBlockingTime": 0,
  "cumulativeLayoutShift": 0.0958967013888889,
  "timeToInteractive": 1380.6029999999998,
  "maxPotentialFirstInputDelay": 33,
  "timeToFirstByte": 69.86499999999998,
  "weight": {
    "summary": "15 requests • 194 KiB",
    "total": 198211,
    "image": 138327,
    "imageCount": 11,
    "script": 7784,
    "scriptCount": 1,
    "document": 33170,
    "font": 15510,
    "fontCount": 1,
    "stylesheet": 3420,
    "stylesheetCount": 1,
    "thirdParty": 15510,
    "thirdPartyCount": 1
  },
  "run": {
    "number": 2,
    "total": 3
  },
  "axe": {
    "passes": 813,
    "violations": 0
  }
}