{
  "url": "https://www.11ty.dev/",
  "requestedUrl": "https://www.11ty.dev/",
  "timestamp": 1608271465464,
  "ranks": {
    "hundos": 1,
    "performance": 2,
    "accessibility": 1,
    "cumulative": 1
  },
  "lighthouse": {
    "version": "6.5.0",
    "performance": 0.99,
    "accessibility": 1,
    "bestPractices": 1,
    "seo": 1,
    "total": 399
  },
  "firstContentfulPaint": 1042.6030000000003,
  "speedIndex": 1042.6030000000003,
  "largestContentfulPaint": 2028.8625000000004,
  "totalBlockingTime": 5.5,
  "cumulativeLayoutShift": 0.0958967013888889,
  "timeToInteractive": 1089.6030000000003,
  "maxPotentialFirstInputDelay": 61,
  "timeToFirstByte": 8.311,
  "weight": {
    "summary": "15 requests • 194 KiB",
    "total": 198187,
    "image": 138299,
    "imageCount": 11,
    "script": 7779,
    "scriptCount": 1,
    "document": 33179,
    "font": 15510,
    "fontCount": 1,
    "stylesheet": 3420,
    "stylesheetCount": 1,
    "thirdParty": 15510,
    "thirdPartyCount": 1
  },
  "run": {
    "number": 3,
    "total": 3
  },
  "axe": {
    "passes": 813,
    "violations": 0
  }
}