{
  "url": "https://www.11ty.dev/",
  "requestedUrl": "https://www.11ty.dev/",
  "timestamp": 1605938697510,
  "ranks": {
    "hundos": 1,
    "performance": 2,
    "accessibility": 1,
    "cumulative": 1
  },
  "lighthouse": {
    "version": "6.4.1",
    "performance": 0.99,
    "accessibility": 1,
    "bestPractices": 1,
    "seo": 1,
    "total": 399
  },
  "firstContentfulPaint": 1485.3790000000001,
  "speedIndex": 1901.1688924126138,
  "largestContentfulPaint": 1485.3790000000001,
  "totalBlockingTime": 7,
  "cumulativeLayoutShift": 0.09366224924723307,
  "timeToInteractive": 1534.8790000000001,
  "maxPotentialFirstInputDelay": 64,
  "timeToFirstByte": 281.303,
  "weight": {
    "summary": "20 requests • 80 KiB",
    "total": 81853,
    "image": 23163,
    "imageCount": 16,
    "script": 7644,
    "scriptCount": 1,
    "document": 32210,
    "font": 15510,
    "fontCount": 1,
    "stylesheet": 3326,
    "stylesheetCount": 1,
    "thirdParty": 15510,
    "thirdPartyCount": 1
  },
  "axe": {
    "passes": 696,
    "violations": 0
  }
}