{
  "url": "https://www.11ty.dev/",
  "requestedUrl": "https://www.11ty.dev/",
  "timestamp": 1603346619408,
  "ranks": {
    "hundos": 1,
    "performance": 2,
    "accessibility": 2,
    "cumulative": 1
  },
  "lighthouse": {
    "version": "6.4.1",
    "performance": 0.99,
    "accessibility": 1,
    "bestPractices": 1,
    "seo": 1,
    "total": 399
  },
  "firstContentfulPaint": 1380.164,
  "speedIndex": 1380.164,
  "largestContentfulPaint": 1380.164,
  "totalBlockingTime": 3.5,
  "cumulativeLayoutShift": 0.09366224924723307,
  "timeToInteractive": 1441.164,
  "maxPotentialFirstInputDelay": 57,
  "timeToFirstByte": 67.87,
  "weight": {
    "summary": "19 requests • 80 KiB",
    "total": 81563,
    "image": 22889,
    "imageCount": 15,
    "script": 7644,
    "scriptCount": 1,
    "document": 32175,
    "font": 15530,
    "fontCount": 1,
    "stylesheet": 3325,
    "stylesheetCount": 1,
    "thirdParty": 15530,
    "thirdPartyCount": 1
  },
  "axe": {
    "passes": 696,
    "violations": 0
  }
}