{
  "url": "https://www.11ty.dev/",
  "requestedUrl": "https://www.11ty.dev/",
  "timestamp": 1601791533183,
  "ranks": {
    "hundos": 1,
    "performance": 2,
    "accessibility": 2,
    "cumulative": 1
  },
  "lighthouse": {
    "version": "6.4.1",
    "performance": 0.99,
    "accessibility": 1,
    "bestPractices": 1,
    "seo": 1,
    "total": 399
  },
  "firstContentfulPaint": 1117.074,
  "speedIndex": 1117.074,
  "largestContentfulPaint": 1170.074,
  "totalBlockingTime": 63.49999999999977,
  "cumulativeLayoutShift": 0.15694444444444444,
  "timeToInteractive": 1276.574,
  "maxPotentialFirstInputDelay": 106,
  "timeToFirstByte": 20.637,
  "weight": {
    "summary": "17 requests • 75 KiB",
    "total": 76799,
    "image": 18100,
    "imageCount": 13,
    "script": 7645,
    "scriptCount": 1,
    "document": 32177,
    "font": 15550,
    "fontCount": 1,
    "stylesheet": 3327,
    "stylesheetCount": 1,
    "thirdParty": 15550,
    "thirdPartyCount": 1
  },
  "axe": {
    "passes": 696,
    "violations": 0
  }
}