{
  "url": "https://www.11ty.dev/",
  "requestedUrl": "https://www.11ty.dev/",
  "timestamp": 1600408935412,
  "ranks": {
    "hundos": 1,
    "performance": 2,
    "accessibility": 2,
    "cumulative": 1
  },
  "lighthouse": {
    "version": "6.3.0",
    "performance": 1,
    "accessibility": 1,
    "bestPractices": 1,
    "seo": 1,
    "total": 400
  },
  "firstContentfulPaint": 1286.155,
  "speedIndex": 1286.155,
  "largestContentfulPaint": 1286.155,
  "totalBlockingTime": 0,
  "cumulativeLayoutShift": 0.09039836035834418,
  "timeToInteractive": 1286.155,
  "maxPotentialFirstInputDelay": 24,
  "timeToFirstByte": 5.109999999999999,
  "weight": {
    "summary": "20 requests • 75 KiB",
    "total": 77050,
    "image": 23142,
    "imageCount": 16,
    "script": 7646,
    "scriptCount": 1,
    "document": 27384,
    "font": 15550,
    "fontCount": 1,
    "stylesheet": 3328,
    "stylesheetCount": 1,
    "thirdParty": 15550,
    "thirdPartyCount": 1
  },
  "axe": {
    "passes": 684,
    "violations": 0
  }
}