{
  "url": "https://www.11ty.dev/",
  "requestedUrl": "https://www.11ty.dev/",
  "timestamp": 1604901885486,
  "ranks": {
    "hundos": 1,
    "performance": 2,
    "accessibility": 2,
    "cumulative": 1
  },
  "lighthouse": {
    "version": "6.4.1",
    "performance": 1,
    "accessibility": 1,
    "bestPractices": 1,
    "seo": 1,
    "total": 400
  },
  "firstContentfulPaint": 1176.996,
  "speedIndex": 1176.996,
  "largestContentfulPaint": 1176.996,
  "totalBlockingTime": 7.5,
  "cumulativeLayoutShift": 0.09366224924723307,
  "timeToInteractive": 1230.996,
  "maxPotentialFirstInputDelay": 65,
  "timeToFirstByte": 19.165,
  "weight": {
    "summary": "17 requests • 75 KiB",
    "total": 76777,
    "image": 18098,
    "imageCount": 13,
    "script": 7645,
    "scriptCount": 1,
    "document": 32175,
    "font": 15531,
    "fontCount": 1,
    "stylesheet": 3328,
    "stylesheetCount": 1,
    "thirdParty": 15531,
    "thirdPartyCount": 1
  },
  "axe": {
    "passes": 696,
    "violations": 0
  }
}