{
  "url": "https://www.11ty.dev/",
  "requestedUrl": "https://www.11ty.dev/",
  "timestamp": 1608786924542,
  "ranks": {
    "hundos": 2,
    "performance": 3,
    "accessibility": 1,
    "cumulative": 2
  },
  "lighthouse": {
    "version": "6.5.0",
    "performance": 0.97,
    "accessibility": 1,
    "bestPractices": 1,
    "seo": 1,
    "total": 397
  },
  "firstContentfulPaint": 1092.5549999999998,
  "speedIndex": 1092.5549999999998,
  "largestContentfulPaint": 1972.6699999999998,
  "totalBlockingTime": 13.5,
  "cumulativeLayoutShift": 0.19767361111111112,
  "timeToInteractive": 1156.0549999999998,
  "maxPotentialFirstInputDelay": 77,
  "timeToFirstByte": 18.962000000000003,
  "weight": {
    "summary": "14 requests • 142 KiB",
    "total": 145852,
    "image": 85729,
    "imageCount": 10,
    "script": 7769,
    "scriptCount": 1,
    "document": 33424,
    "font": 15510,
    "fontCount": 1,
    "stylesheet": 3420,
    "stylesheetCount": 1,
    "thirdParty": 15510,
    "thirdPartyCount": 1
  },
  "run": {
    "number": 2,
    "total": 3
  },
  "axe": {
    "passes": 859,
    "violations": 0
  }
}