{
  "url": "https://www.11ty.dev/",
  "requestedUrl": "https://www.11ty.dev/",
  "timestamp": 1603173914979,
  "ranks": {
    "hundos": 1,
    "performance": 2,
    "accessibility": 2,
    "cumulative": 1
  },
  "lighthouse": {
    "version": "6.4.1",
    "performance": 1,
    "accessibility": 1,
    "bestPractices": 1,
    "seo": 1,
    "total": 400
  },
  "firstContentfulPaint": 1328.4099999999999,
  "speedIndex": 1328.4099999999999,
  "largestContentfulPaint": 1328.4099999999999,
  "totalBlockingTime": 3,
  "cumulativeLayoutShift": 0.09366224924723307,
  "timeToInteractive": 1373.9099999999999,
  "maxPotentialFirstInputDelay": 56,
  "timeToFirstByte": 68.477,
  "weight": {
    "summary": "20 requests • 81 KiB",
    "total": 82529,
    "image": 23845,
    "imageCount": 16,
    "script": 7644,
    "scriptCount": 1,
    "document": 32166,
    "font": 15550,
    "fontCount": 1,
    "stylesheet": 3324,
    "stylesheetCount": 1,
    "thirdParty": 15550,
    "thirdPartyCount": 1
  },
  "axe": {
    "passes": 696,
    "violations": 0
  }
}