{
  "url": "https://www.11ty.dev/",
  "requestedUrl": "https://www.11ty.dev/",
  "timestamp": 1608357796457,
  "ranks": {
    "hundos": 2,
    "performance": 3,
    "accessibility": 1,
    "cumulative": 1
  },
  "lighthouse": {
    "version": "6.5.0",
    "performance": 0.99,
    "accessibility": 1,
    "bestPractices": 1,
    "seo": 1,
    "total": 399
  },
  "firstContentfulPaint": 1125.2720000000002,
  "speedIndex": 1125.2720000000002,
  "largestContentfulPaint": 1855.074,
  "totalBlockingTime": 0.5,
  "cumulativeLayoutShift": 0.0958967013888889,
  "timeToInteractive": 1180.7720000000002,
  "maxPotentialFirstInputDelay": 51,
  "timeToFirstByte": 21.72800000000001,
  "weight": {
    "summary": "14 requests • 177 KiB",
    "total": 180864,
    "image": 120978,
    "imageCount": 10,
    "script": 7779,
    "scriptCount": 1,
    "document": 33177,
    "font": 15510,
    "fontCount": 1,
    "stylesheet": 3420,
    "stylesheetCount": 1,
    "thirdParty": 15510,
    "thirdPartyCount": 1
  },
  "run": {
    "number": 2,
    "total": 3
  },
  "axe": {
    "passes": 813,
    "violations": 0
  }
}