{
  "url": "https://www.11ty.dev/",
  "requestedUrl": "https://www.11ty.dev/",
  "timestamp": 1606370699981,
  "ranks": {
    "hundos": 2,
    "performance": 3,
    "accessibility": 1,
    "cumulative": 1
  },
  "lighthouse": {
    "version": "6.4.1",
    "performance": 0.99,
    "accessibility": 1,
    "bestPractices": 1,
    "seo": 1,
    "total": 399
  },
  "firstContentfulPaint": 1061.344,
  "speedIndex": 1061.344,
  "largestContentfulPaint": 1061.344,
  "totalBlockingTime": 65.5,
  "cumulativeLayoutShift": 0.15694444444444444,
  "timeToInteractive": 1176.844,
  "maxPotentialFirstInputDelay": 128,
  "timeToFirstByte": 9.912999999999997,
  "weight": {
    "summary": "17 requests • 76 KiB",
    "total": 77537,
    "image": 18873,
    "imageCount": 13,
    "script": 7645,
    "scriptCount": 1,
    "document": 32211,
    "font": 15509,
    "fontCount": 1,
    "stylesheet": 3299,
    "stylesheetCount": 1,
    "thirdParty": 15509,
    "thirdPartyCount": 1
  },
  "axe": {
    "passes": 696,
    "violations": 0
  }
}