{
  "url": "https://www.11ty.dev/",
  "requestedUrl": "https://www.11ty.dev/",
  "timestamp": 1601705019099,
  "ranks": {
    "hundos": 1,
    "performance": 2,
    "accessibility": 2,
    "cumulative": 1
  },
  "lighthouse": {
    "version": "6.4.1",
    "performance": 0.99,
    "accessibility": 1,
    "bestPractices": 1,
    "seo": 1,
    "total": 399
  },
  "firstContentfulPaint": 1120.942,
  "speedIndex": 1120.942,
  "largestContentfulPaint": 1120.942,
  "totalBlockingTime": 56,
  "cumulativeLayoutShift": 0.15694444444444444,
  "timeToInteractive": 1226.942,
  "maxPotentialFirstInputDelay": 123,
  "timeToFirstByte": 19.08,
  "weight": {
    "summary": "17 requests • 75 KiB",
    "total": 76852,
    "image": 18172,
    "imageCount": 13,
    "script": 7646,
    "scriptCount": 1,
    "document": 32184,
    "font": 15550,
    "fontCount": 1,
    "stylesheet": 3300,
    "stylesheetCount": 1,
    "thirdParty": 15550,
    "thirdPartyCount": 1
  },
  "axe": {
    "passes": 696,
    "violations": 0
  }
}