{
  "url": "https://www.11ty.dev/",
  "requestedUrl": "https://www.11ty.dev/",
  "timestamp": 1607753098112,
  "ranks": {
    "hundos": 2,
    "performance": 3,
    "accessibility": 1,
    "cumulative": 1
  },
  "lighthouse": {
    "version": "6.5.0",
    "performance": 0.99,
    "accessibility": 1,
    "bestPractices": 1,
    "seo": 1,
    "total": 399
  },
  "firstContentfulPaint": 1109.826,
  "speedIndex": 1109.826,
  "largestContentfulPaint": 1968.701,
  "totalBlockingTime": 13,
  "cumulativeLayoutShift": 0.0958967013888889,
  "timeToInteractive": 1212.326,
  "maxPotentialFirstInputDelay": 63,
  "timeToFirstByte": 19.53800000000001,
  "weight": {
    "summary": "15 requests • 194 KiB",
    "total": 198152,
    "image": 138231,
    "imageCount": 11,
    "script": 7808,
    "scriptCount": 1,
    "document": 33183,
    "font": 15509,
    "fontCount": 1,
    "stylesheet": 3421,
    "stylesheetCount": 1,
    "thirdParty": 15509,
    "thirdPartyCount": 1
  },
  "axe": {
    "passes": 813,
    "violations": 0
  }
}