{
  "url": "https://www.11ty.dev/",
  "requestedUrl": "https://www.11ty.dev/",
  "timestamp": 1602655528745,
  "ranks": {
    "hundos": 1,
    "performance": 2,
    "accessibility": 2,
    "cumulative": 1
  },
  "lighthouse": {
    "version": "6.4.1",
    "performance": 1,
    "accessibility": 1,
    "bestPractices": 1,
    "seo": 1,
    "total": 400
  },
  "firstContentfulPaint": 1210.256,
  "speedIndex": 1210.256,
  "largestContentfulPaint": 1210.256,
  "totalBlockingTime": 0,
  "cumulativeLayoutShift": 0.09366224924723307,
  "timeToInteractive": 1210.256,
  "maxPotentialFirstInputDelay": 41,
  "timeToFirstByte": 19.195999999999998,
  "weight": {
    "summary": "19 requests • 78 KiB",
    "total": 80363,
    "image": 21684,
    "imageCount": 15,
    "script": 7651,
    "scriptCount": 1,
    "document": 32184,
    "font": 15549,
    "fontCount": 1,
    "stylesheet": 3295,
    "stylesheetCount": 1,
    "thirdParty": 15549,
    "thirdPartyCount": 1
  },
  "axe": {
    "passes": 696,
    "violations": 0
  }
}