{
  "url": "https://www.11ty.dev/",
  "requestedUrl": "https://www.11ty.dev/",
  "timestamp": 1606197785301,
  "ranks": {
    "hundos": 1,
    "performance": 2,
    "accessibility": 1,
    "cumulative": 1
  },
  "lighthouse": {
    "version": "6.4.1",
    "performance": 0.99,
    "accessibility": 1,
    "bestPractices": 1,
    "seo": 1,
    "total": 399
  },
  "firstContentfulPaint": 1454.252,
  "speedIndex": 1847.7979081159335,
  "largestContentfulPaint": 1497.252,
  "totalBlockingTime": 22,
  "cumulativeLayoutShift": 0.09366224924723307,
  "timeToInteractive": 1526.252,
  "maxPotentialFirstInputDelay": 86,
  "timeToFirstByte": 257.69,
  "weight": {
    "summary": "20 requests • 81 KiB",
    "total": 83203,
    "image": 24511,
    "imageCount": 16,
    "script": 7645,
    "scriptCount": 1,
    "document": 32212,
    "font": 15510,
    "fontCount": 1,
    "stylesheet": 3325,
    "stylesheetCount": 1,
    "thirdParty": 15510,
    "thirdPartyCount": 1
  },
  "axe": {
    "passes": 696,
    "violations": 0
  }
}