{
  "url": "https://www.11ty.dev/",
  "requestedUrl": "https://www.11ty.dev/",
  "timestamp": 1599631317348,
  "ranks": {
    "hundos": 1,
    "performance": 2,
    "accessibility": 2,
    "cumulative": 1
  },
  "lighthouse": {
    "version": "6.3.0",
    "performance": 1,
    "accessibility": 1,
    "bestPractices": 1,
    "seo": 1,
    "total": 400
  },
  "firstContentfulPaint": 1257.4759999999999,
  "speedIndex": 1272.8197715319507,
  "largestContentfulPaint": 1344.9759999999999,
  "totalBlockingTime": 114,
  "cumulativeLayoutShift": 0.0006124674479166667,
  "timeToInteractive": 1421.4759999999999,
  "maxPotentialFirstInputDelay": 175,
  "timeToFirstByte": 115.76600000000002,
  "weight": {
    "summary": "20 requests • 81 KiB",
    "total": 83098,
    "image": 24438,
    "imageCount": 16,
    "script": 7640,
    "scriptCount": 1,
    "document": 32176,
    "font": 15550,
    "fontCount": 1,
    "stylesheet": 3294,
    "stylesheetCount": 1,
    "thirdParty": 15550,
    "thirdPartyCount": 1
  },
  "axe": {
    "passes": 696,
    "violations": 0
  }
}