{
  "url": "https://www.11ty.dev/",
  "requestedUrl": "https://www.11ty.dev/",
  "timestamp": 1606111514137,
  "ranks": {
    "hundos": 1,
    "performance": 2,
    "accessibility": 1,
    "cumulative": 1
  },
  "lighthouse": {
    "version": "6.4.1",
    "performance": 1,
    "accessibility": 1,
    "bestPractices": 1,
    "seo": 1,
    "total": 400
  },
  "firstContentfulPaint": 1330.5140000000001,
  "speedIndex": 1330.5140000000001,
  "largestContentfulPaint": 1330.5140000000001,
  "totalBlockingTime": 0,
  "cumulativeLayoutShift": 0.09295138888888889,
  "timeToInteractive": 1330.5140000000001,
  "maxPotentialFirstInputDelay": 45,
  "timeToFirstByte": 73.85300000000001,
  "weight": {
    "summary": "19 requests • 78 KiB",
    "total": 80243,
    "image": 21507,
    "imageCount": 15,
    "script": 7679,
    "scriptCount": 1,
    "document": 32225,
    "font": 15509,
    "fontCount": 1,
    "stylesheet": 3323,
    "stylesheetCount": 1,
    "thirdParty": 15509,
    "thirdPartyCount": 1
  },
  "axe": {
    "passes": 696,
    "violations": 0
  }
}