{
  "url": "https://www.11ty.dev/",
  "requestedUrl": "https://www.11ty.dev/",
  "timestamp": 1604383504252,
  "ranks": {
    "hundos": 1,
    "performance": 1,
    "accessibility": 2,
    "cumulative": 1
  },
  "lighthouse": {
    "version": "6.4.1",
    "performance": 1,
    "accessibility": 1,
    "bestPractices": 1,
    "seo": 1,
    "total": 400
  },
  "firstContentfulPaint": 1087.25,
  "speedIndex": 1087.25,
  "largestContentfulPaint": 1087.25,
  "totalBlockingTime": 4.5,
  "cumulativeLayoutShift": 0.09366224924723307,
  "timeToInteractive": 1136.75,
  "maxPotentialFirstInputDelay": 59,
  "timeToFirstByte": 17.328000000000003,
  "weight": {
    "summary": "17 requests • 75 KiB",
    "total": 76773,
    "image": 18077,
    "imageCount": 13,
    "script": 7673,
    "scriptCount": 1,
    "document": 32165,
    "font": 15531,
    "fontCount": 1,
    "stylesheet": 3327,
    "stylesheetCount": 1,
    "thirdParty": 15531,
    "thirdPartyCount": 1
  },
  "axe": {
    "passes": 696,
    "violations": 0
  }
}