{
  "url": "https://www.11ty.dev/",
  "requestedUrl": "https://www.11ty.dev/",
  "timestamp": 1601532262493,
  "ranks": {
    "hundos": 1,
    "performance": 2,
    "accessibility": 2,
    "cumulative": 1
  },
  "lighthouse": {
    "version": "6.3.0",
    "performance": 1,
    "accessibility": 1,
    "bestPractices": 1,
    "seo": 1,
    "total": 400
  },
  "firstContentfulPaint": 1191.54,
  "speedIndex": 1191.54,
  "largestContentfulPaint": 1209.04,
  "totalBlockingTime": 0,
  "cumulativeLayoutShift": 0.09366224924723307,
  "timeToInteractive": 1212.54,
  "maxPotentialFirstInputDelay": 147,
  "timeToFirstByte": 108.03899999999999,
  "weight": {
    "summary": "19 requests • 79 KiB",
    "total": 80855,
    "image": 22198,
    "imageCount": 15,
    "script": 7645,
    "scriptCount": 1,
    "document": 32168,
    "font": 15550,
    "fontCount": 1,
    "stylesheet": 3294,
    "stylesheetCount": 1,
    "thirdParty": 15550,
    "thirdPartyCount": 1
  },
  "axe": {
    "passes": 696,
    "violations": 0
  }
}