{
  "url": "https://www.11ty.dev/",
  "requestedUrl": "https://www.11ty.dev/",
  "timestamp": 1601618631365,
  "ranks": {
    "hundos": 1,
    "performance": 2,
    "accessibility": 2,
    "cumulative": 1
  },
  "lighthouse": {
    "version": "6.4.0",
    "performance": 1,
    "accessibility": 1,
    "bestPractices": 1,
    "seo": 1,
    "total": 400
  },
  "firstContentfulPaint": 1127.6589999999999,
  "speedIndex": 1127.6589999999999,
  "largestContentfulPaint": 1127.6589999999999,
  "totalBlockingTime": 22,
  "cumulativeLayoutShift": 0.09366224924723307,
  "timeToInteractive": 1199.6589999999999,
  "maxPotentialFirstInputDelay": 84,
  "timeToFirstByte": 21.47200000000001,
  "weight": {
    "summary": "17 requests • 75 KiB",
    "total": 76824,
    "image": 18120,
    "imageCount": 13,
    "script": 7644,
    "scriptCount": 1,
    "document": 32184,
    "font": 15550,
    "fontCount": 1,
    "stylesheet": 3326,
    "stylesheetCount": 1,
    "thirdParty": 15550,
    "thirdPartyCount": 1
  },
  "axe": {
    "passes": 696,
    "violations": 0
  }
}