{
  "url": "https://www.11ty.dev/",
  "requestedUrl": "https://www.11ty.dev/",
  "timestamp": 1599977016146,
  "ranks": {
    "hundos": 1,
    "performance": 2,
    "accessibility": 2,
    "cumulative": 1
  },
  "lighthouse": {
    "version": "6.3.0",
    "performance": 1,
    "accessibility": 1,
    "bestPractices": 1,
    "seo": 1,
    "total": 400
  },
  "firstContentfulPaint": 1327.3319999999999,
  "speedIndex": 1327.3319999999999,
  "largestContentfulPaint": 1341.3319999999999,
  "totalBlockingTime": 0,
  "cumulativeLayoutShift": 0.09366224924723307,
  "timeToInteractive": 1341.3319999999999,
  "maxPotentialFirstInputDelay": 29,
  "timeToFirstByte": 69.20600000000002,
  "weight": {
    "summary": "20 requests • 81 KiB",
    "total": 82570,
    "image": 23868,
    "imageCount": 16,
    "script": 7646,
    "scriptCount": 1,
    "document": 32178,
    "font": 15550,
    "fontCount": 1,
    "stylesheet": 3328,
    "stylesheetCount": 1,
    "thirdParty": 15550,
    "thirdPartyCount": 1
  },
  "axe": {
    "passes": 696,
    "violations": 0
  }
}