{
  "url": "https://www.11ty.dev/",
  "requestedUrl": "https://www.11ty.dev/",
  "timestamp": 1601272898525,
  "ranks": {
    "hundos": 2,
    "performance": 3,
    "accessibility": 2,
    "cumulative": 1
  },
  "lighthouse": {
    "version": "6.3.0",
    "performance": 0.99,
    "accessibility": 1,
    "bestPractices": 1,
    "seo": 1,
    "total": 399
  },
  "firstContentfulPaint": 1742.4810000000002,
  "speedIndex": 1877.4847419473008,
  "largestContentfulPaint": 1754.4810000000002,
  "totalBlockingTime": 0,
  "cumulativeLayoutShift": 0.09366224924723307,
  "timeToInteractive": 1754.4810000000002,
  "maxPotentialFirstInputDelay": 31,
  "timeToFirstByte": 77.436,
  "weight": {
    "summary": "18 requests • 76 KiB",
    "total": 77912,
    "image": 19183,
    "imageCount": 14,
    "script": 7674,
    "scriptCount": 1,
    "document": 32182,
    "font": 15550,
    "fontCount": 1,
    "stylesheet": 3323,
    "stylesheetCount": 1,
    "thirdParty": 15550,
    "thirdPartyCount": 1
  },
  "axe": {
    "passes": 696,
    "violations": 0
  }
}