{
  "url": "https://www.11ty.dev/",
  "requestedUrl": "https://www.11ty.dev/",
  "timestamp": 1607148178102,
  "ranks": {
    "hundos": 2,
    "performance": 3,
    "accessibility": 1,
    "cumulative": 2
  },
  "lighthouse": {
    "version": "6.5.0",
    "performance": 0.97,
    "accessibility": 1,
    "bestPractices": 1,
    "seo": 1,
    "total": 397
  },
  "firstContentfulPaint": 1326.498,
  "speedIndex": 1326.498,
  "largestContentfulPaint": 2072.376,
  "totalBlockingTime": 0,
  "cumulativeLayoutShift": 0.19767361111111112,
  "timeToInteractive": 1344.998,
  "maxPotentialFirstInputDelay": 37,
  "timeToFirstByte": 76.97200000000001,
  "weight": {
    "summary": "19 requests • 104 KiB",
    "total": 106080,
    "image": 46929,
    "imageCount": 15,
    "script": 7812,
    "scriptCount": 1,
    "document": 32501,
    "font": 15510,
    "fontCount": 1,
    "stylesheet": 3328,
    "stylesheetCount": 1,
    "thirdParty": 15510,
    "thirdPartyCount": 1
  },
  "axe": {
    "passes": 701,
    "violations": 0
  }
}