{
  "url": "https://www.11ty.dev/",
  "requestedUrl": "https://www.11ty.dev/",
  "timestamp": 1604642574185,
  "ranks": {
    "hundos": 1,
    "performance": 2,
    "accessibility": 2,
    "cumulative": 1
  },
  "lighthouse": {
    "version": "6.4.1",
    "performance": 1,
    "accessibility": 1,
    "bestPractices": 1,
    "seo": 1,
    "total": 400
  },
  "firstContentfulPaint": 1102.475,
  "speedIndex": 1102.475,
  "largestContentfulPaint": 1102.475,
  "totalBlockingTime": 0,
  "cumulativeLayoutShift": 0.09366224924723307,
  "timeToInteractive": 1102.475,
  "maxPotentialFirstInputDelay": 16,
  "timeToFirstByte": 20.61699999999999,
  "weight": {
    "summary": "19 requests • 79 KiB",
    "total": 81028,
    "image": 22322,
    "imageCount": 15,
    "script": 7669,
    "scriptCount": 1,
    "document": 32179,
    "font": 15531,
    "fontCount": 1,
    "stylesheet": 3327,
    "stylesheetCount": 1,
    "thirdParty": 15531,
    "thirdPartyCount": 1
  },
  "axe": {
    "passes": 696,
    "violations": 0
  }
}