{
  "url": "https://www.11ty.dev/",
  "requestedUrl": "https://www.11ty.dev/",
  "timestamp": 1606284110672,
  "ranks": {
    "hundos": 1,
    "performance": 2,
    "accessibility": 1,
    "cumulative": 1
  },
  "lighthouse": {
    "version": "6.4.1",
    "performance": 1,
    "accessibility": 1,
    "bestPractices": 1,
    "seo": 1,
    "total": 400
  },
  "firstContentfulPaint": 1060.2959999999998,
  "speedIndex": 1060.2959999999998,
  "largestContentfulPaint": 1060.2959999999998,
  "totalBlockingTime": 29,
  "cumulativeLayoutShift": 0.09366224924723307,
  "timeToInteractive": 1139.2959999999998,
  "maxPotentialFirstInputDelay": 90,
  "timeToFirstByte": 8.863,
  "weight": {
    "summary": "17 requests • 76 KiB",
    "total": 77500,
    "image": 18797,
    "imageCount": 13,
    "script": 7645,
    "scriptCount": 1,
    "document": 32221,
    "font": 15510,
    "fontCount": 1,
    "stylesheet": 3327,
    "stylesheetCount": 1,
    "thirdParty": 15510,
    "thirdPartyCount": 1
  },
  "axe": {
    "passes": 696,
    "violations": 0
  }
}