{
  "url": "https://www.11ty.dev/",
  "requestedUrl": "https://www.11ty.dev/",
  "timestamp": 1608530683856,
  "ranks": {
    "hundos": 2,
    "performance": 3,
    "accessibility": 1,
    "cumulative": 2
  },
  "lighthouse": {
    "version": "6.5.0",
    "performance": 0.97,
    "accessibility": 1,
    "bestPractices": 1,
    "seo": 1,
    "total": 397
  },
  "firstContentfulPaint": 1120.1,
  "speedIndex": 1120.1,
  "largestContentfulPaint": 1969.9414999999997,
  "totalBlockingTime": 0,
  "cumulativeLayoutShift": 0.19767361111111112,
  "timeToInteractive": 1140.6,
  "maxPotentialFirstInputDelay": 41,
  "timeToFirstByte": 22.815000000000026,
  "weight": {
    "summary": "14 requests • 177 KiB",
    "total": 180924,
    "image": 121011,
    "imageCount": 10,
    "script": 7812,
    "scriptCount": 1,
    "document": 33177,
    "font": 15509,
    "fontCount": 1,
    "stylesheet": 3415,
    "stylesheetCount": 1,
    "thirdParty": 15509,
    "thirdPartyCount": 1
  },
  "run": {
    "number": 3,
    "total": 3
  },
  "axe": {
    "passes": 813,
    "violations": 0
  }
}