{
  "url": "https://www.11ty.dev/",
  "requestedUrl": "https://www.11ty.dev/",
  "timestamp": 1604297107586,
  "ranks": {
    "hundos": 1,
    "performance": 1,
    "accessibility": 2,
    "cumulative": 1
  },
  "lighthouse": {
    "version": "6.4.1",
    "performance": 1,
    "accessibility": 1,
    "bestPractices": 1,
    "seo": 1,
    "total": 400
  },
  "firstContentfulPaint": 1125.9029999999998,
  "speedIndex": 1125.9029999999998,
  "largestContentfulPaint": 1125.9029999999998,
  "totalBlockingTime": 0,
  "cumulativeLayoutShift": 0.09366224924723307,
  "timeToInteractive": 1125.9029999999998,
  "maxPotentialFirstInputDelay": 26,
  "timeToFirstByte": 18.828000000000003,
  "weight": {
    "summary": "19 requests • 79 KiB",
    "total": 81106,
    "image": 22429,
    "imageCount": 15,
    "script": 7678,
    "scriptCount": 1,
    "document": 32174,
    "font": 15531,
    "fontCount": 1,
    "stylesheet": 3294,
    "stylesheetCount": 1,
    "thirdParty": 15531,
    "thirdPartyCount": 1
  },
  "axe": {
    "passes": 696,
    "violations": 0
  }
}