{
  "url": "https://www.11ty.dev/",
  "requestedUrl": "https://www.11ty.dev/",
  "timestamp": 1600322679495,
  "ranks": {
    "hundos": 1,
    "performance": 2,
    "accessibility": 2,
    "cumulative": 1
  },
  "lighthouse": {
    "version": "6.3.0",
    "performance": 1,
    "accessibility": 1,
    "bestPractices": 1,
    "seo": 1,
    "total": 400
  },
  "firstContentfulPaint": 1139.8449999999998,
  "speedIndex": 1139.8449999999998,
  "largestContentfulPaint": 1139.8449999999998,
  "totalBlockingTime": 0,
  "cumulativeLayoutShift": 0.09039836035834418,
  "timeToInteractive": 1139.8449999999998,
  "maxPotentialFirstInputDelay": 172.0000000000001,
  "timeToFirstByte": 27.09299999999999,
  "weight": {
    "summary": "19 requests • 75 KiB",
    "total": 76898,
    "image": 22990,
    "imageCount": 15,
    "script": 7646,
    "scriptCount": 1,
    "document": 27385,
    "font": 15550,
    "fontCount": 1,
    "stylesheet": 3327,
    "stylesheetCount": 1,
    "thirdParty": 15550,
    "thirdPartyCount": 1
  },
  "axe": {
    "passes": 684,
    "violations": 0
  }
}