{
  "url": "https://www.11ty.dev/",
  "requestedUrl": "https://www.11ty.dev/",
  "timestamp": 1602741796686,
  "ranks": {
    "hundos": 1,
    "performance": 1,
    "accessibility": 2,
    "cumulative": 1
  },
  "lighthouse": {
    "version": "6.4.1",
    "performance": 1,
    "accessibility": 1,
    "bestPractices": 1,
    "seo": 1,
    "total": 400
  },
  "firstContentfulPaint": 1032.962,
  "speedIndex": 1032.962,
  "largestContentfulPaint": 1032.962,
  "totalBlockingTime": 3,
  "cumulativeLayoutShift": 0.09366224924723307,
  "timeToInteractive": 1080.962,
  "maxPotentialFirstInputDelay": 56,
  "timeToFirstByte": 7.932999999999993,
  "weight": {
    "summary": "19 requests • 79 KiB",
    "total": 81334,
    "image": 22609,
    "imageCount": 15,
    "script": 7674,
    "scriptCount": 1,
    "document": 32173,
    "font": 15550,
    "fontCount": 1,
    "stylesheet": 3328,
    "stylesheetCount": 1,
    "thirdParty": 15550,
    "thirdPartyCount": 1
  },
  "axe": {
    "passes": 696,
    "violations": 0
  }
}