{
  "url": "https://www.11ty.dev/",
  "requestedUrl": "https://www.11ty.dev/",
  "timestamp": 1606888996672,
  "ranks": {
    "hundos": 2,
    "performance": 3,
    "accessibility": 1,
    "cumulative": 1
  },
  "lighthouse": {
    "version": "6.5.0",
    "performance": 0.99,
    "accessibility": 1,
    "bestPractices": 1,
    "seo": 1,
    "total": 399
  },
  "firstContentfulPaint": 1105.3280000000002,
  "speedIndex": 1105.3280000000002,
  "largestContentfulPaint": 1853.2920000000001,
  "totalBlockingTime": 12.5,
  "cumulativeLayoutShift": 0.0958967013888889,
  "timeToInteractive": 1163.3280000000002,
  "maxPotentialFirstInputDelay": 75,
  "timeToFirstByte": 20.893,
  "weight": {
    "summary": "20 requests • 105 KiB",
    "total": 107926,
    "image": 48804,
    "imageCount": 16,
    "script": 7785,
    "scriptCount": 1,
    "document": 32521,
    "font": 15509,
    "fontCount": 1,
    "stylesheet": 3307,
    "stylesheetCount": 1,
    "thirdParty": 15509,
    "thirdPartyCount": 1
  },
  "axe": {
    "passes": 701,
    "violations": 0
  }
}