{
  "url": "https://hexo.io/",
  "requestedUrl": "https://hexo.io/",
  "timestamp": 1599717777010,
  "ranks": {
    "hundos": 12,
    "performance": 10,
    "accessibility": 12,
    "cumulative": 12
  },
  "lighthouse": {
    "version": "6.3.0",
    "performance": 0.73,
    "accessibility": 0.72,
    "bestPractices": 0.86,
    "seo": 0.93,
    "total": 324
  },
  "firstContentfulPaint": 1604.815,
  "speedIndex": 4134.306761174911,
  "largestContentfulPaint": 1754.815,
  "totalBlockingTime": 664.9999999999995,
  "cumulativeLayoutShift": 0.00038674587673611114,
  "timeToInteractive": 8760.3455,
  "maxPotentialFirstInputDelay": 261,
  "timeToFirstByte": 14.579999999999998,
  "weight": {
    "summary": "122 requests • 977 KiB",
    "total": 1000192,
    "image": 352811,
    "imageCount": 32,
    "script": 391713,
    "scriptCount": 34,
    "document": 113585,
    "font": 105679,
    "fontCount": 5,
    "stylesheet": 19305,
    "stylesheetCount": 8,
    "thirdParty": 995972,
    "thirdPartyCount": 121
  },
  "axe": {
    "passes": 403,
    "violations": 23
  }
}