{
  "url": "https://hexo.io/",
  "requestedUrl": "https://hexo.io/",
  "timestamp": 1600927476571,
  "ranks": {
    "hundos": 12,
    "performance": 12,
    "accessibility": 12,
    "cumulative": 12
  },
  "lighthouse": {
    "version": "6.3.0",
    "performance": 0.57,
    "accessibility": 0.72,
    "bestPractices": 0.86,
    "seo": 0.93,
    "total": 308
  },
  "firstContentfulPaint": 1851.1450000000002,
  "speedIndex": 5851.482890001485,
  "largestContentfulPaint": 2125.824,
  "totalBlockingTime": 1170.786,
  "cumulativeLayoutShift": 0.0003625233968098958,
  "timeToInteractive": 11418.713,
  "maxPotentialFirstInputDelay": 292,
  "timeToFirstByte": 91.987,
  "weight": {
    "summary": "226 requests • 1,116 KiB",
    "total": 1142110,
    "image": 408707,
    "imageCount": 66,
    "script": 391639,
    "scriptCount": 55,
    "document": 172242,
    "font": 116799,
    "fontCount": 9,
    "stylesheet": 21053,
    "stylesheetCount": 11,
    "thirdParty": 1138069,
    "thirdPartyCount": 225
  },
  "axe": {
    "passes": 358,
    "violations": 19
  }
}