{
  "url": "https://hexo.io/",
  "requestedUrl": "https://hexo.io/",
  "timestamp": 1599286018965,
  "ranks": {
    "hundos": 12,
    "performance": 11,
    "accessibility": 12,
    "cumulative": 12
  },
  "lighthouse": {
    "version": "6.3.0",
    "performance": 0.69,
    "accessibility": 0.72,
    "bestPractices": 0.86,
    "seo": 0.93,
    "total": 320
  },
  "firstContentfulPaint": 1679.5320000000002,
  "speedIndex": 5042.765212976162,
  "largestContentfulPaint": 1829.5320000000002,
  "totalBlockingTime": 696.2290000000007,
  "cumulativeLayoutShift": 0.00038674587673611114,
  "timeToInteractive": 8736.68615248108,
  "maxPotentialFirstInputDelay": 293,
  "timeToFirstByte": 71.38900000000001,
  "weight": {
    "summary": "154 requests • 969 KiB",
    "total": 991930,
    "image": 354497,
    "imageCount": 32,
    "script": 366329,
    "scriptCount": 46,
    "document": 126198,
    "font": 105681,
    "fontCount": 5,
    "stylesheet": 20513,
    "stylesheetCount": 9,
    "thirdParty": 987718,
    "thirdPartyCount": 153
  },
  "axe": {
    "passes": 358,
    "violations": 19
  }
}