{
  "url": "https://hexo.io/",
  "requestedUrl": "https://hexo.io/",
  "timestamp": 1607321000352,
  "ranks": {
    "hundos": 12,
    "performance": 7,
    "accessibility": 12,
    "cumulative": 12
  },
  "lighthouse": {
    "version": "6.5.0",
    "performance": 0.87,
    "accessibility": 0.73,
    "bestPractices": 0.8,
    "seo": 0.93,
    "total": 333
  },
  "firstContentfulPaint": 1616.4959999999999,
  "speedIndex": 3307.1036583242667,
  "largestContentfulPaint": 1841.496,
  "totalBlockingTime": 385.5,
  "cumulativeLayoutShift": 0.0003625233968098958,
  "timeToInteractive": 5802.024,
  "maxPotentialFirstInputDelay": 197,
  "timeToFirstByte": 13.835,
  "weight": {
    "summary": "37 requests • 707 KiB",
    "total": 723880,
    "image": 325535,
    "imageCount": 9,
    "script": 295491,
    "scriptCount": 12,
    "document": 21956,
    "font": 57359,
    "fontCount": 1,
    "stylesheet": 16201,
    "stylesheetCount": 4,
    "thirdParty": 719630,
    "thirdPartyCount": 36
  },
  "axe": {
    "passes": 417,
    "violations": 26
  }
}