{
  "url": "https://hexo.io/",
  "requestedUrl": "https://hexo.io/",
  "timestamp": 1607580432670,
  "ranks": {
    "hundos": 12,
    "performance": 12,
    "accessibility": 12,
    "cumulative": 12
  },
  "lighthouse": {
    "version": "6.5.0",
    "performance": 0.55,
    "accessibility": 0.73,
    "bestPractices": 0.8,
    "seo": 0.93,
    "total": 301
  },
  "firstContentfulPaint": 1602.8429999999998,
  "speedIndex": 6020.071540932794,
  "largestContentfulPaint": 1752.8429999999998,
  "totalBlockingTime": 1893.498500000002,
  "cumulativeLayoutShift": 0.0003625233968098958,
  "timeToInteractive": 10803.0205,
  "maxPotentialFirstInputDelay": 368.0000000000018,
  "timeToFirstByte": 13.236999999999995,
  "weight": {
    "summary": "192 requests • 1,082 KiB",
    "total": 1107916,
    "image": 398054,
    "imageCount": 51,
    "script": 371480,
    "scriptCount": 57,
    "document": 187757,
    "font": 105649,
    "fontCount": 7,
    "stylesheet": 19994,
    "stylesheetCount": 11,
    "thirdParty": 1103873,
    "thirdPartyCount": 191
  },
  "axe": {
    "passes": 491,
    "violations": 38
  }
}