{
  "url": "https://hexo.io/",
  "requestedUrl": "https://hexo.io/",
  "timestamp": 1606716343295,
  "ranks": {
    "hundos": 12,
    "performance": 7,
    "accessibility": 12,
    "cumulative": 12
  },
  "lighthouse": {
    "version": "6.4.1",
    "performance": 0.88,
    "accessibility": 0.62,
    "bestPractices": 0.86,
    "seo": 0.93,
    "total": 329
  },
  "firstContentfulPaint": 1601.801,
  "speedIndex": 2935.91734453381,
  "largestContentfulPaint": 1751.801,
  "totalBlockingTime": 403.5,
  "cumulativeLayoutShift": 0.0003625233968098958,
  "timeToInteractive": 5780.338,
  "maxPotentialFirstInputDelay": 239,
  "timeToFirstByte": 12.866,
  "weight": {
    "summary": "39 requests • 703 KiB",
    "total": 720151,
    "image": 325914,
    "imageCount": 9,
    "script": 291300,
    "scriptCount": 12,
    "document": 22154,
    "font": 57359,
    "fontCount": 1,
    "stylesheet": 16225,
    "stylesheetCount": 4,
    "thirdParty": 715895,
    "thirdPartyCount": 38
  },
  "axe": {
    "passes": 407,
    "violations": 24
  }
}