{
  "url": "https://hexo.io/",
  "requestedUrl": "https://hexo.io/",
  "timestamp": 1605766019240,
  "ranks": {
    "hundos": 12,
    "performance": 12,
    "accessibility": 12,
    "cumulative": 12
  },
  "lighthouse": {
    "version": "6.4.1",
    "performance": 0.53,
    "accessibility": 0.72,
    "bestPractices": 0.86,
    "seo": 0.93,
    "total": 304
  },
  "firstContentfulPaint": 1844.152,
  "speedIndex": 6503.870343524595,
  "largestContentfulPaint": 2069.152,
  "totalBlockingTime": 1716.6780000000006,
  "cumulativeLayoutShift": 0.0003625233968098958,
  "timeToInteractive": 11161.0635,
  "maxPotentialFirstInputDelay": 339,
  "timeToFirstByte": 88.275,
  "weight": {
    "summary": "229 requests • 1,097 KiB",
    "total": 1123054,
    "image": 401185,
    "imageCount": 68,
    "script": 380234,
    "scriptCount": 55,
    "document": 174197,
    "font": 116777,
    "fontCount": 10,
    "stylesheet": 20022,
    "stylesheetCount": 11,
    "thirdParty": 1118260,
    "thirdPartyCount": 228
  },
  "axe": {
    "passes": 475,
    "violations": 38
  }
}