{
  "url": "https://hexo.io/",
  "requestedUrl": "https://hexo.io/",
  "timestamp": 1602914781396,
  "ranks": {
    "hundos": 12,
    "performance": 12,
    "accessibility": 12,
    "cumulative": 12
  },
  "lighthouse": {
    "version": "6.4.1",
    "performance": 0.59,
    "accessibility": 0.72,
    "bestPractices": 0.86,
    "seo": 0.93,
    "total": 310
  },
  "firstContentfulPaint": 1622.9759999999999,
  "speedIndex": 5289.417918814159,
  "largestContentfulPaint": 1772.976,
  "totalBlockingTime": 1302.556999999999,
  "cumulativeLayoutShift": 0.0003625233968098958,
  "timeToInteractive": 10411.8495,
  "maxPotentialFirstInputDelay": 332,
  "timeToFirstByte": 12.667000000000002,
  "weight": {
    "summary": "230 requests • 982 KiB",
    "total": 1005301,
    "image": 342383,
    "imageCount": 64,
    "script": 365327,
    "scriptCount": 53,
    "document": 144598,
    "font": 102100,
    "fontCount": 11,
    "stylesheet": 19569,
    "stylesheetCount": 11,
    "thirdParty": 1001051,
    "thirdPartyCount": 229
  },
  "axe": {
    "passes": 358,
    "violations": 19
  }
}