{
  "url": "https://v2.docusaurus.io/",
  "requestedUrl": "https://v2.docusaurus.io/",
  "timestamp": 1604815453616,
  "ranks": {
    "hundos": 3,
    "performance": 4,
    "accessibility": 4,
    "cumulative": 3
  },
  "lighthouse": {
    "version": "6.4.1",
    "performance": 0.97,
    "accessibility": 0.99,
    "bestPractices": 1,
    "seo": 0.94,
    "total": 390
  },
  "firstContentfulPaint": 1543.07,
  "speedIndex": 2037.8003175963222,
  "largestContentfulPaint": 1997.2969999999996,
  "totalBlockingTime": 170,
  "cumulativeLayoutShift": 0.07646484375000001,
  "timeToInteractive": 3587.0495,
  "maxPotentialFirstInputDelay": 326,
  "timeToFirstByte": 39.982,
  "weight": {
    "summary": "22 requests • 275 KiB",
    "total": 281671,
    "image": 58259,
    "imageCount": 9,
    "script": 196251,
    "scriptCount": 9,
    "document": 8809,
    "font": 0,
    "fontCount": 0,
    "stylesheet": 18287,
    "stylesheetCount": 1,
    "thirdParty": 71146,
    "thirdPartyCount": 6
  },
  "axe": {
    "passes": 445,
    "violations": 2
  }
}