{
  "url": "https://v2.docusaurus.io/",
  "requestedUrl": "https://v2.docusaurus.io/",
  "timestamp": 1606025150881,
  "ranks": {
    "hundos": 5,
    "performance": 6,
    "accessibility": 3,
    "cumulative": 5
  },
  "lighthouse": {
    "version": "6.4.1",
    "performance": 0.9,
    "accessibility": 0.99,
    "bestPractices": 1,
    "seo": 0.94,
    "total": 383
  },
  "firstContentfulPaint": 2738.928,
  "speedIndex": 2738.928,
  "largestContentfulPaint": 2888.928,
  "totalBlockingTime": 186.5,
  "cumulativeLayoutShift": 0.07646484375000001,
  "timeToInteractive": 3561.428,
  "maxPotentialFirstInputDelay": 313,
  "timeToFirstByte": 30.942,
  "weight": {
    "summary": "27 requests • 304 KiB",
    "total": 311414,
    "image": 58139,
    "imageCount": 9,
    "script": 198009,
    "scriptCount": 9,
    "document": 8576,
    "font": 0,
    "fontCount": 0,
    "stylesheet": 16882,
    "stylesheetCount": 1,
    "thirdParty": 71506,
    "thirdPartyCount": 6
  },
  "axe": {
    "passes": 470,
    "violations": 3
  }
}