{
  "url": "https://v2.docusaurus.io/",
  "requestedUrl": "https://v2.docusaurus.io/",
  "timestamp": 1605938757786,
  "ranks": {
    "hundos": 5,
    "performance": 6,
    "accessibility": 3,
    "cumulative": 5
  },
  "lighthouse": {
    "version": "6.4.1",
    "performance": 0.93,
    "accessibility": 0.99,
    "bestPractices": 1,
    "seo": 0.94,
    "total": 386
  },
  "firstContentfulPaint": 1538.8970000000002,
  "speedIndex": 2179.8378147605954,
  "largestContentfulPaint": 3007.352,
  "totalBlockingTime": 159.5,
  "cumulativeLayoutShift": 0.07646484375000001,
  "timeToInteractive": 3530.5820000000003,
  "maxPotentialFirstInputDelay": 305,
  "timeToFirstByte": 27.209000000000003,
  "weight": {
    "summary": "27 requests • 304 KiB",
    "total": 311415,
    "image": 58131,
    "imageCount": 9,
    "script": 197857,
    "scriptCount": 9,
    "document": 8635,
    "font": 0,
    "fontCount": 0,
    "stylesheet": 17036,
    "stylesheetCount": 1,
    "thirdParty": 71514,
    "thirdPartyCount": 6
  },
  "axe": {
    "passes": 470,
    "violations": 3
  }
}