{
  "url": "https://v2.docusaurus.io/",
  "requestedUrl": "https://v2.docusaurus.io/",
  "timestamp": 1604988168301,
  "ranks": {
    "hundos": 5,
    "performance": 5,
    "accessibility": 4,
    "cumulative": 4
  },
  "lighthouse": {
    "version": "6.4.1",
    "performance": 0.9,
    "accessibility": 0.99,
    "bestPractices": 1,
    "seo": 0.94,
    "total": 383
  },
  "firstContentfulPaint": 2686.125,
  "speedIndex": 2686.125,
  "largestContentfulPaint": 2911.125,
  "totalBlockingTime": 196.5,
  "cumulativeLayoutShift": 0.07646484375000001,
  "timeToInteractive": 3586.125,
  "maxPotentialFirstInputDelay": 400,
  "timeToFirstByte": 130.79500000000002,
  "weight": {
    "summary": "23 requests • 275 KiB",
    "total": 281698,
    "image": 58107,
    "imageCount": 9,
    "script": 196277,
    "scriptCount": 9,
    "document": 8816,
    "font": 0,
    "fontCount": 0,
    "stylesheet": 18408,
    "stylesheetCount": 1,
    "thirdParty": 71187,
    "thirdPartyCount": 7
  },
  "axe": {
    "passes": 445,
    "violations": 2
  }
}