{
  "url": "https://v2.docusaurus.io/",
  "requestedUrl": "https://v2.docusaurus.io/",
  "timestamp": 1603778763286,
  "ranks": {
    "hundos": 5,
    "performance": 6,
    "accessibility": 4,
    "cumulative": 5
  },
  "lighthouse": {
    "version": "6.4.1",
    "performance": 0.9,
    "accessibility": 0.99,
    "bestPractices": 1,
    "seo": 0.94,
    "total": 383
  },
  "firstContentfulPaint": 1694.669,
  "speedIndex": 2168.3753510703723,
  "largestContentfulPaint": 3065.935,
  "totalBlockingTime": 214.5,
  "cumulativeLayoutShift": 0.18654242621527778,
  "timeToInteractive": 3829.005,
  "maxPotentialFirstInputDelay": 350.0000000000002,
  "timeToFirstByte": 33.857,
  "weight": {
    "summary": "23 requests • 278 KiB",
    "total": 284220,
    "image": 58314,
    "imageCount": 9,
    "script": 199086,
    "scriptCount": 10,
    "document": 8554,
    "font": 0,
    "fontCount": 0,
    "stylesheet": 18201,
    "stylesheetCount": 1,
    "thirdParty": 70844,
    "thirdPartyCount": 6
  },
  "axe": {
    "passes": 448,
    "violations": 3
  }
}