{
  "url": "https://v2.docusaurus.io/",
  "requestedUrl": "https://v2.docusaurus.io/",
  "timestamp": 1604210728873,
  "ranks": {
    "hundos": 5,
    "performance": 6,
    "accessibility": 4,
    "cumulative": 5
  },
  "lighthouse": {
    "version": "6.4.1",
    "performance": 0.91,
    "accessibility": 0.99,
    "bestPractices": 1,
    "seo": 0.94,
    "total": 384
  },
  "firstContentfulPaint": 1688.229,
  "speedIndex": 2492.7364621473143,
  "largestContentfulPaint": 3075.01,
  "totalBlockingTime": 161.38200000000006,
  "cumulativeLayoutShift": 0.07646484375000001,
  "timeToInteractive": 3787.6830000000004,
  "maxPotentialFirstInputDelay": 364,
  "timeToFirstByte": 27.495,
  "weight": {
    "summary": "22 requests • 278 KiB",
    "total": 284492,
    "image": 58042,
    "imageCount": 9,
    "script": 199314,
    "scriptCount": 9,
    "document": 8819,
    "font": 0,
    "fontCount": 0,
    "stylesheet": 18252,
    "stylesheetCount": 1,
    "thirdParty": 71038,
    "thirdPartyCount": 6
  },
  "axe": {
    "passes": 455,
    "violations": 2
  }
}