{
  "url": "https://v2.docusaurus.io/",
  "requestedUrl": "https://v2.docusaurus.io/",
  "timestamp": 1600927543311,
  "ranks": {
    "hundos": 5,
    "performance": 6,
    "accessibility": 4,
    "cumulative": 5
  },
  "lighthouse": {
    "version": "6.3.0",
    "performance": 0.89,
    "accessibility": 0.99,
    "bestPractices": 1,
    "seo": 0.94,
    "total": 382
  },
  "firstContentfulPaint": 2830.156,
  "speedIndex": 3103.268280144197,
  "largestContentfulPaint": 3049.2635000000005,
  "totalBlockingTime": 154.00000000000023,
  "cumulativeLayoutShift": 0,
  "timeToInteractive": 3538.3495000000003,
  "maxPotentialFirstInputDelay": 312.00000000000045,
  "timeToFirstByte": 333.116,
  "weight": {
    "summary": "23 requests • 267 KiB",
    "total": 273129,
    "image": 56664,
    "imageCount": 9,
    "script": 190976,
    "scriptCount": 10,
    "document": 8053,
    "font": 0,
    "fontCount": 0,
    "stylesheet": 17372,
    "stylesheetCount": 1,
    "thirdParty": 69110,
    "thirdPartyCount": 6
  },
  "axe": {
    "passes": 419,
    "violations": 2
  }
}