{
  "url": "https://v2.docusaurus.io/",
  "requestedUrl": "https://v2.docusaurus.io/",
  "timestamp": 1603864959879,
  "ranks": {
    "hundos": 5,
    "performance": 5,
    "accessibility": 4,
    "cumulative": 5
  },
  "lighthouse": {
    "version": "6.4.1",
    "performance": 0.9,
    "accessibility": 0.99,
    "bestPractices": 1,
    "seo": 0.94,
    "total": 383
  },
  "firstContentfulPaint": 2776.475,
  "speedIndex": 2776.475,
  "largestContentfulPaint": 2926.475,
  "totalBlockingTime": 156.5,
  "cumulativeLayoutShift": 0.07646484375000001,
  "timeToInteractive": 3637.475,
  "maxPotentialFirstInputDelay": 341,
  "timeToFirstByte": 29.603,
  "weight": {
    "summary": "23 requests • 278 KiB",
    "total": 284220,
    "image": 58259,
    "imageCount": 9,
    "script": 199051,
    "scriptCount": 10,
    "document": 8463,
    "font": 0,
    "fontCount": 0,
    "stylesheet": 18382,
    "stylesheetCount": 1,
    "thirdParty": 70766,
    "thirdPartyCount": 6
  },
  "axe": {
    "passes": 448,
    "violations": 3
  }
}