{
  "url": "https://v2.docusaurus.io/",
  "requestedUrl": "https://v2.docusaurus.io/",
  "timestamp": 1604728956623,
  "ranks": {
    "hundos": 5,
    "performance": 6,
    "accessibility": 4,
    "cumulative": 5
  },
  "lighthouse": {
    "version": "6.4.1",
    "performance": 0.92,
    "accessibility": 0.99,
    "bestPractices": 1,
    "seo": 0.94,
    "total": 385
  },
  "firstContentfulPaint": 2654.9199999999996,
  "speedIndex": 2654.9199999999996,
  "largestContentfulPaint": 2733.0649999999996,
  "totalBlockingTime": 140,
  "cumulativeLayoutShift": 0.07646484375000001,
  "timeToInteractive": 3642.2349999999997,
  "maxPotentialFirstInputDelay": 302,
  "timeToFirstByte": 45.13099999999999,
  "weight": {
    "summary": "22 requests • 278 KiB",
    "total": 284680,
    "image": 58073,
    "imageCount": 9,
    "script": 199377,
    "scriptCount": 9,
    "document": 8827,
    "font": 0,
    "fontCount": 0,
    "stylesheet": 18338,
    "stylesheetCount": 1,
    "thirdParty": 71154,
    "thirdPartyCount": 6
  },
  "axe": {
    "passes": 455,
    "violations": 2
  }
}