{
  "url": "https://v2.docusaurus.io/",
  "requestedUrl": "https://v2.docusaurus.io/",
  "timestamp": 1601273047094,
  "ranks": {
    "hundos": 5,
    "performance": 5,
    "accessibility": 4,
    "cumulative": 5
  },
  "lighthouse": {
    "version": "6.3.0",
    "performance": 0.93,
    "accessibility": 0.99,
    "bestPractices": 1,
    "seo": 0.94,
    "total": 386
  },
  "firstContentfulPaint": 2330.54,
  "speedIndex": 2330.54,
  "largestContentfulPaint": 2486.19,
  "totalBlockingTime": 139.5,
  "cumulativeLayoutShift": 0.13598175048828126,
  "timeToInteractive": 3625.4350000000004,
  "maxPotentialFirstInputDelay": 299,
  "timeToFirstByte": 67.31099999999999,
  "weight": {
    "summary": "23 requests • 267 KiB",
    "total": 273645,
    "image": 56892,
    "imageCount": 9,
    "script": 191155,
    "scriptCount": 10,
    "document": 8160,
    "font": 0,
    "fontCount": 0,
    "stylesheet": 17374,
    "stylesheetCount": 1,
    "thirdParty": 69104,
    "thirdPartyCount": 6
  },
  "axe": {
    "passes": 419,
    "violations": 2
  }
}