{
  "url": "https://v2.docusaurus.io/",
  "requestedUrl": "https://v2.docusaurus.io/",
  "timestamp": 1604297168739,
  "ranks": {
    "hundos": 3,
    "performance": 4,
    "accessibility": 4,
    "cumulative": 3
  },
  "lighthouse": {
    "version": "6.4.1",
    "performance": 0.97,
    "accessibility": 0.99,
    "bestPractices": 1,
    "seo": 0.94,
    "total": 390
  },
  "firstContentfulPaint": 1551.2139999999997,
  "speedIndex": 2032.406233837834,
  "largestContentfulPaint": 2058.825,
  "totalBlockingTime": 169.5,
  "cumulativeLayoutShift": 0.07646484375000001,
  "timeToInteractive": 3595.5649999999996,
  "maxPotentialFirstInputDelay": 311,
  "timeToFirstByte": 28.102,
  "weight": {
    "summary": "22 requests • 278 KiB",
    "total": 284547,
    "image": 58250,
    "imageCount": 9,
    "script": 199110,
    "scriptCount": 9,
    "document": 8868,
    "font": 0,
    "fontCount": 0,
    "stylesheet": 18254,
    "stylesheetCount": 1,
    "thirdParty": 71049,
    "thirdPartyCount": 6
  },
  "axe": {
    "passes": 455,
    "violations": 2
  }
}