{
  "url": "https://v2.docusaurus.io/",
  "requestedUrl": "https://v2.docusaurus.io/",
  "timestamp": 1600495383297,
  "ranks": {
    "hundos": 4,
    "performance": 5,
    "accessibility": 4,
    "cumulative": 4
  },
  "lighthouse": {
    "version": "6.3.0",
    "performance": 0.92,
    "accessibility": 0.99,
    "bestPractices": 1,
    "seo": 0.94,
    "total": 385
  },
  "firstContentfulPaint": 1216.9299999999998,
  "speedIndex": 2502.1484476233236,
  "largestContentfulPaint": 2995.303,
  "totalBlockingTime": 97.5,
  "cumulativeLayoutShift": 0.13598175048828126,
  "timeToInteractive": 3645.3950000000004,
  "maxPotentialFirstInputDelay": 245,
  "timeToFirstByte": 197.313,
  "weight": {
    "summary": "23 requests • 267 KiB",
    "total": 273718,
    "image": 56641,
    "imageCount": 9,
    "script": 191539,
    "scriptCount": 10,
    "document": 8006,
    "font": 0,
    "fontCount": 0,
    "stylesheet": 17468,
    "stylesheetCount": 1,
    "thirdParty": 68339,
    "thirdPartyCount": 6
  },
  "axe": {
    "passes": 424,
    "violations": 2
  }
}