{
  "url": "https://v2.docusaurus.io/",
  "requestedUrl": "https://v2.docusaurus.io/",
  "timestamp": 1605506712979,
  "ranks": {
    "hundos": 5,
    "performance": 5,
    "accessibility": 4,
    "cumulative": 5
  },
  "lighthouse": {
    "version": "6.4.1",
    "performance": 0.9,
    "accessibility": 0.99,
    "bestPractices": 1,
    "seo": 0.94,
    "total": 383
  },
  "firstContentfulPaint": 2735.063,
  "speedIndex": 2735.063,
  "largestContentfulPaint": 2885.063,
  "totalBlockingTime": 167,
  "cumulativeLayoutShift": 0.07646484375000001,
  "timeToInteractive": 3584.5945,
  "maxPotentialFirstInputDelay": 309,
  "timeToFirstByte": 24.666,
  "weight": {
    "summary": "22 requests • 273 KiB",
    "total": 279178,
    "image": 58246,
    "imageCount": 9,
    "script": 195542,
    "scriptCount": 9,
    "document": 8536,
    "font": 0,
    "fontCount": 0,
    "stylesheet": 16789,
    "stylesheetCount": 1,
    "thirdParty": 71492,
    "thirdPartyCount": 6
  },
  "axe": {
    "passes": 445,
    "violations": 2
  }
}