{
  "url": "https://v2.docusaurus.io/",
  "requestedUrl": "https://v2.docusaurus.io/",
  "timestamp": 1608700552780,
  "ranks": {
    "hundos": 5,
    "performance": 4,
    "accessibility": 3,
    "cumulative": 5
  },
  "lighthouse": {
    "version": "6.5.0",
    "performance": 0.97,
    "accessibility": 0.99,
    "bestPractices": 0.93,
    "seo": 0.94,
    "total": 383
  },
  "firstContentfulPaint": 1664.0610000000001,
  "speedIndex": 2031.8120260572814,
  "largestContentfulPaint": 2056.8239999999996,
  "totalBlockingTime": 131.5,
  "cumulativeLayoutShift": 0.07918212890625001,
  "timeToInteractive": 3622.556,
  "maxPotentialFirstInputDelay": 313,
  "timeToFirstByte": 35.204,
  "weight": {
    "summary": "27 requests • 310 KiB",
    "total": 317031,
    "image": 57984,
    "imageCount": 9,
    "script": 202299,
    "scriptCount": 9,
    "document": 8574,
    "font": 0,
    "fontCount": 0,
    "stylesheet": 17127,
    "stylesheetCount": 1,
    "thirdParty": 71801,
    "thirdPartyCount": 6
  },
  "run": {
    "number": 3,
    "total": 3
  },
  "axe": {
    "passes": 471,
    "violations": 3
  }
}