{
  "url": "https://v2.docusaurus.io/",
  "requestedUrl": "https://v2.docusaurus.io/",
  "timestamp": 1601705093597,
  "ranks": {
    "hundos": 5,
    "performance": 5,
    "accessibility": 4,
    "cumulative": 5
  },
  "lighthouse": {
    "version": "6.4.1",
    "performance": 0.88,
    "accessibility": 0.99,
    "bestPractices": 1,
    "seo": 0.94,
    "total": 381
  },
  "firstContentfulPaint": 1677.797,
  "speedIndex": 2211.367766078836,
  "largestContentfulPaint": 3096.509,
  "totalBlockingTime": 212,
  "cumulativeLayoutShift": 0.36617923312717016,
  "timeToInteractive": 3780.726,
  "maxPotentialFirstInputDelay": 377,
  "timeToFirstByte": 113.689,
  "weight": {
    "summary": "23 requests • 269 KiB",
    "total": 275477,
    "image": 56942,
    "imageCount": 9,
    "script": 192735,
    "scriptCount": 10,
    "document": 8334,
    "font": 0,
    "fontCount": 0,
    "stylesheet": 17402,
    "stylesheetCount": 1,
    "thirdParty": 69507,
    "thirdPartyCount": 6
  },
  "axe": {
    "passes": 424,
    "violations": 2
  }
}