{
  "url": "https://v2.docusaurus.io/",
  "requestedUrl": "https://v2.docusaurus.io/",
  "timestamp": 1602223365519,
  "ranks": {
    "hundos": 3,
    "performance": 4,
    "accessibility": 4,
    "cumulative": 3
  },
  "lighthouse": {
    "version": "6.4.1",
    "performance": 0.96,
    "accessibility": 0.99,
    "bestPractices": 1,
    "seo": 0.94,
    "total": 389
  },
  "firstContentfulPaint": 1953.1019999999999,
  "speedIndex": 2091.448450296589,
  "largestContentfulPaint": 2253.102,
  "totalBlockingTime": 127.13550000000009,
  "cumulativeLayoutShift": 0.13598175048828126,
  "timeToInteractive": 3516.7375,
  "maxPotentialFirstInputDelay": 271,
  "timeToFirstByte": 25.913999999999998,
  "weight": {
    "summary": "23 requests • 271 KiB",
    "total": 277011,
    "image": 56943,
    "imageCount": 9,
    "script": 194224,
    "scriptCount": 10,
    "document": 8377,
    "font": 0,
    "fontCount": 0,
    "stylesheet": 17403,
    "stylesheetCount": 1,
    "thirdParty": 70104,
    "thirdPartyCount": 6
  },
  "axe": {
    "passes": 434,
    "violations": 2
  }
}