{
  "url": "https://v2.docusaurus.io/",
  "requestedUrl": "https://v2.docusaurus.io/",
  "timestamp": 1608787061863,
  "ranks": {
    "hundos": 6,
    "performance": 6,
    "accessibility": 3,
    "cumulative": 5
  },
  "lighthouse": {
    "version": "6.5.0",
    "performance": 0.93,
    "accessibility": 0.99,
    "bestPractices": 0.93,
    "seo": 0.94,
    "total": 379
  },
  "firstContentfulPaint": 1548.9499999999998,
  "speedIndex": 1991.0382377586593,
  "largestContentfulPaint": 3009.479,
  "totalBlockingTime": 138,
  "cumulativeLayoutShift": 0.07646484375000001,
  "timeToInteractive": 3401.178,
  "maxPotentialFirstInputDelay": 240,
  "timeToFirstByte": 31.450999999999997,
  "weight": {
    "summary": "27 requests • 310 KiB",
    "total": 316983,
    "image": 57963,
    "imageCount": 9,
    "script": 202143,
    "scriptCount": 9,
    "document": 8536,
    "font": 0,
    "fontCount": 0,
    "stylesheet": 17285,
    "stylesheetCount": 1,
    "thirdParty": 71803,
    "thirdPartyCount": 6
  },
  "run": {
    "number": 3,
    "total": 3
  },
  "axe": {
    "passes": 471,
    "violations": 3
  }
}