{
  "url": "https://v2.docusaurus.io/",
  "requestedUrl": "https://v2.docusaurus.io/",
  "timestamp": 1606284171486,
  "ranks": {
    "hundos": 4,
    "performance": 5,
    "accessibility": 3,
    "cumulative": 4
  },
  "lighthouse": {
    "version": "6.4.1",
    "performance": 0.95,
    "accessibility": 0.99,
    "bestPractices": 1,
    "seo": 0.94,
    "total": 388
  },
  "firstContentfulPaint": 1549.4040000000005,
  "speedIndex": 1886.9562010512032,
  "largestContentfulPaint": 2006.3630000000003,
  "totalBlockingTime": 193,
  "cumulativeLayoutShift": 0.1933539496527778,
  "timeToInteractive": 3616.004000000001,
  "maxPotentialFirstInputDelay": 322,
  "timeToFirstByte": 39.724000000000004,
  "weight": {
    "summary": "27 requests • 306 KiB",
    "total": 312986,
    "image": 58123,
    "imageCount": 9,
    "script": 199783,
    "scriptCount": 9,
    "document": 8588,
    "font": 0,
    "fontCount": 0,
    "stylesheet": 16918,
    "stylesheetCount": 1,
    "thirdParty": 71490,
    "thirdPartyCount": 6
  },
  "axe": {
    "passes": 475,
    "violations": 3
  }
}