{
  "url": "https://v2.docusaurus.io/",
  "requestedUrl": "https://v2.docusaurus.io/",
  "timestamp": 1607148251843,
  "ranks": {
    "hundos": 6,
    "performance": 6,
    "accessibility": 3,
    "cumulative": 6
  },
  "lighthouse": {
    "version": "6.5.0",
    "performance": 0.88,
    "accessibility": 0.99,
    "bestPractices": 0.93,
    "seo": 0.94,
    "total": 374
  },
  "firstContentfulPaint": 2800.254,
  "speedIndex": 2800.254,
  "largestContentfulPaint": 2950.254,
  "totalBlockingTime": 245,
  "cumulativeLayoutShift": 0.07646484375000001,
  "timeToInteractive": 3644.254,
  "maxPotentialFirstInputDelay": 366,
  "timeToFirstByte": 30.463,
  "weight": {
    "summary": "27 requests • 307 KiB",
    "total": 313981,
    "image": 58175,
    "imageCount": 9,
    "script": 199371,
    "scriptCount": 9,
    "document": 8574,
    "font": 0,
    "fontCount": 0,
    "stylesheet": 17154,
    "stylesheetCount": 1,
    "thirdParty": 71514,
    "thirdPartyCount": 6
  },
  "axe": {
    "passes": 471,
    "violations": 3
  }
}