{
  "url": "https://v2.docusaurus.io/",
  "requestedUrl": "https://v2.docusaurus.io/",
  "timestamp": 1604469740517,
  "ranks": {
    "hundos": 5,
    "performance": 6,
    "accessibility": 4,
    "cumulative": 5
  },
  "lighthouse": {
    "version": "6.4.1",
    "performance": 0.91,
    "accessibility": 0.99,
    "bestPractices": 1,
    "seo": 0.94,
    "total": 384
  },
  "firstContentfulPaint": 2654.19,
  "speedIndex": 2654.19,
  "largestContentfulPaint": 2810.4840000000004,
  "totalBlockingTime": 141,
  "cumulativeLayoutShift": 0.07646484375000001,
  "timeToInteractive": 3559.4910000000004,
  "maxPotentialFirstInputDelay": 298,
  "timeToFirstByte": 44.092,
  "weight": {
    "summary": "22 requests • 278 KiB",
    "total": 284512,
    "image": 58094,
    "imageCount": 9,
    "script": 199259,
    "scriptCount": 9,
    "document": 8819,
    "font": 0,
    "fontCount": 0,
    "stylesheet": 18275,
    "stylesheetCount": 1,
    "thirdParty": 71036,
    "thirdPartyCount": 6
  },
  "axe": {
    "passes": 455,
    "violations": 2
  }
}