{
  "url": "https://v2.docusaurus.io/",
  "requestedUrl": "https://v2.docusaurus.io/",
  "timestamp": 1602137188567,
  "ranks": {
    "hundos": 5,
    "performance": 5,
    "accessibility": 4,
    "cumulative": 4
  },
  "lighthouse": {
    "version": "6.4.1",
    "performance": 0.91,
    "accessibility": 0.99,
    "bestPractices": 1,
    "seo": 0.94,
    "total": 384
  },
  "firstContentfulPaint": 1230.185,
  "speedIndex": 2661.9459895424106,
  "largestContentfulPaint": 3010.737,
  "totalBlockingTime": 167.31600000000026,
  "cumulativeLayoutShift": 0.13598175048828126,
  "timeToInteractive": 3934.4450000000006,
  "maxPotentialFirstInputDelay": 369.00000000000045,
  "timeToFirstByte": 233.33999999999997,
  "weight": {
    "summary": "23 requests • 270 KiB",
    "total": 276846,
    "image": 56874,
    "imageCount": 9,
    "script": 194085,
    "scriptCount": 10,
    "document": 8422,
    "font": 0,
    "fontCount": 0,
    "stylesheet": 17401,
    "stylesheetCount": 1,
    "thirdParty": 70117,
    "thirdPartyCount": 6
  },
  "axe": {
    "passes": 435,
    "violations": 2
  }
}