{
  "url": "https://v2.docusaurus.io/",
  "requestedUrl": "https://v2.docusaurus.io/",
  "timestamp": 1607493771460,
  "ranks": {
    "hundos": 6,
    "performance": 6,
    "accessibility": 3,
    "cumulative": 5
  },
  "lighthouse": {
    "version": "6.5.0",
    "performance": 0.92,
    "accessibility": 0.99,
    "bestPractices": 0.93,
    "seo": 0.94,
    "total": 378
  },
  "firstContentfulPaint": 2593.724,
  "speedIndex": 2593.724,
  "largestContentfulPaint": 2743.724,
  "totalBlockingTime": 143,
  "cumulativeLayoutShift": 0.07646484375000001,
  "timeToInteractive": 3529.724,
  "maxPotentialFirstInputDelay": 314,
  "timeToFirstByte": 26.645,
  "weight": {
    "summary": "27 requests • 307 KiB",
    "total": 314131,
    "image": 58072,
    "imageCount": 9,
    "script": 199828,
    "scriptCount": 9,
    "document": 8580,
    "font": 0,
    "fontCount": 0,
    "stylesheet": 17094,
    "stylesheetCount": 1,
    "thirdParty": 71817,
    "thirdPartyCount": 6
  },
  "axe": {
    "passes": 471,
    "violations": 3
  }
}