{
  "url": "https://v2.docusaurus.io/",
  "requestedUrl": "https://v2.docusaurus.io/",
  "timestamp": 1603260357237,
  "ranks": {
    "hundos": 4,
    "performance": 4,
    "accessibility": 4,
    "cumulative": 4
  },
  "lighthouse": {
    "version": "6.4.1",
    "performance": 0.96,
    "accessibility": 0.99,
    "bestPractices": 1,
    "seo": 0.94,
    "total": 389
  },
  "firstContentfulPaint": 1575.3790000000001,
  "speedIndex": 2051.675382095361,
  "largestContentfulPaint": 2086.6459999999997,
  "totalBlockingTime": 144,
  "cumulativeLayoutShift": 0.13598175048828126,
  "timeToInteractive": 3620.3035,
  "maxPotentialFirstInputDelay": 276,
  "timeToFirstByte": 43.946,
  "weight": {
    "summary": "23 requests • 274 KiB",
    "total": 280182,
    "image": 56638,
    "imageCount": 9,
    "script": 197532,
    "scriptCount": 10,
    "document": 8422,
    "font": 0,
    "fontCount": 0,
    "stylesheet": 17525,
    "stylesheetCount": 1,
    "thirdParty": 70771,
    "thirdPartyCount": 6
  },
  "axe": {
    "passes": 445,
    "violations": 2
  }
}