{
  "url": "https://v2.docusaurus.io/",
  "requestedUrl": "https://v2.docusaurus.io/",
  "timestamp": 1604901853737,
  "ranks": {
    "hundos": 4,
    "performance": 5,
    "accessibility": 4,
    "cumulative": 3
  },
  "lighthouse": {
    "version": "6.4.1",
    "performance": 0.94,
    "accessibility": 0.99,
    "bestPractices": 1,
    "seo": 0.94,
    "total": 387
  },
  "firstContentfulPaint": 2340.127,
  "speedIndex": 2340.127,
  "largestContentfulPaint": 2496.134,
  "totalBlockingTime": 137.5,
  "cumulativeLayoutShift": 0.07646484375000001,
  "timeToInteractive": 3655.7080000000005,
  "maxPotentialFirstInputDelay": 305,
  "timeToFirstByte": 36.8,
  "weight": {
    "summary": "22 requests • 275 KiB",
    "total": 281688,
    "image": 57998,
    "imageCount": 9,
    "script": 196529,
    "scriptCount": 9,
    "document": 8809,
    "font": 0,
    "fontCount": 0,
    "stylesheet": 18287,
    "stylesheetCount": 1,
    "thirdParty": 71150,
    "thirdPartyCount": 6
  },
  "axe": {
    "passes": 445,
    "violations": 2
  }
}