{
  "url": "https://v2.docusaurus.io/",
  "requestedUrl": "https://v2.docusaurus.io/",
  "timestamp": 1605333847202,
  "ranks": {
    "hundos": 4,
    "performance": 6,
    "accessibility": 4,
    "cumulative": 4
  },
  "lighthouse": {
    "version": "6.4.1",
    "performance": 0.94,
    "accessibility": 0.99,
    "bestPractices": 1,
    "seo": 0.94,
    "total": 387
  },
  "firstContentfulPaint": 1555.313,
  "speedIndex": 2013.5997066009759,
  "largestContentfulPaint": 2882.438,
  "totalBlockingTime": 126.5,
  "cumulativeLayoutShift": 0.07646484375000001,
  "timeToInteractive": 3521.6265000000003,
  "maxPotentialFirstInputDelay": 299,
  "timeToFirstByte": 30.799000000000003,
  "weight": {
    "summary": "22 requests • 273 KiB",
    "total": 279216,
    "image": 58130,
    "imageCount": 9,
    "script": 195666,
    "scriptCount": 9,
    "document": 8561,
    "font": 0,
    "fontCount": 0,
    "stylesheet": 16794,
    "stylesheetCount": 1,
    "thirdParty": 71485,
    "thirdPartyCount": 6
  },
  "axe": {
    "passes": 445,
    "violations": 2
  }
}