{
  "url": "https://v2.docusaurus.io/",
  "requestedUrl": "https://v2.docusaurus.io/",
  "timestamp": 1606197850523,
  "ranks": {
    "hundos": 5,
    "performance": 5,
    "accessibility": 3,
    "cumulative": 5
  },
  "lighthouse": {
    "version": "6.4.1",
    "performance": 0.93,
    "accessibility": 0.99,
    "bestPractices": 1,
    "seo": 0.94,
    "total": 386
  },
  "firstContentfulPaint": 1551.7649999999999,
  "speedIndex": 2010.0036877371572,
  "largestContentfulPaint": 3007.504,
  "totalBlockingTime": 155.50000000000023,
  "cumulativeLayoutShift": 0.07646484375000001,
  "timeToInteractive": 3486.4975000000004,
  "maxPotentialFirstInputDelay": 319.00000000000045,
  "timeToFirstByte": 36.86,
  "weight": {
    "summary": "27 requests • 304 KiB",
    "total": 311542,
    "image": 58243,
    "imageCount": 9,
    "script": 198092,
    "scriptCount": 9,
    "document": 8575,
    "font": 0,
    "fontCount": 0,
    "stylesheet": 16880,
    "stylesheetCount": 1,
    "thirdParty": 71484,
    "thirdPartyCount": 6
  },
  "axe": {
    "passes": 470,
    "violations": 3
  }
}