{
  "url": "https://v2.docusaurus.io/",
  "requestedUrl": "https://v2.docusaurus.io/",
  "timestamp": 1604642630227,
  "ranks": {
    "hundos": 5,
    "performance": 6,
    "accessibility": 4,
    "cumulative": 5
  },
  "lighthouse": {
    "version": "6.4.1",
    "performance": 0.92,
    "accessibility": 0.99,
    "bestPractices": 1,
    "seo": 0.94,
    "total": 385
  },
  "firstContentfulPaint": 1699.5699999999997,
  "speedIndex": 2420.133457883576,
  "largestContentfulPaint": 3105.629,
  "totalBlockingTime": 107.5,
  "cumulativeLayoutShift": 0.07646484375000001,
  "timeToInteractive": 3683.06,
  "maxPotentialFirstInputDelay": 265,
  "timeToFirstByte": 116.477,
  "weight": {
    "summary": "22 requests • 278 KiB",
    "total": 284656,
    "image": 58243,
    "imageCount": 9,
    "script": 199237,
    "scriptCount": 9,
    "document": 8819,
    "font": 0,
    "fontCount": 0,
    "stylesheet": 18292,
    "stylesheetCount": 1,
    "thirdParty": 71140,
    "thirdPartyCount": 6
  },
  "axe": {
    "passes": 455,
    "violations": 2
  }
}