{
  "url": "https://v2.docusaurus.io/",
  "requestedUrl": "https://v2.docusaurus.io/",
  "timestamp": 1605074742427,
  "ranks": {
    "hundos": 4,
    "performance": 4,
    "accessibility": 4,
    "cumulative": 4
  },
  "lighthouse": {
    "version": "6.4.1",
    "performance": 0.96,
    "accessibility": 0.99,
    "bestPractices": 1,
    "seo": 0.94,
    "total": 389
  },
  "firstContentfulPaint": 1575.6479999999997,
  "speedIndex": 2051.786904501546,
  "largestContentfulPaint": 2007.3609999999999,
  "totalBlockingTime": 163,
  "cumulativeLayoutShift": 0.19175618489583335,
  "timeToInteractive": 3598.0149999999994,
  "maxPotentialFirstInputDelay": 308,
  "timeToFirstByte": 39.282,
  "weight": {
    "summary": "22 requests • 275 KiB",
    "total": 281680,
    "image": 58265,
    "imageCount": 9,
    "script": 196300,
    "scriptCount": 9,
    "document": 8811,
    "font": 0,
    "fontCount": 0,
    "stylesheet": 18239,
    "stylesheetCount": 1,
    "thirdParty": 71164,
    "thirdPartyCount": 6
  },
  "axe": {
    "passes": 445,
    "violations": 2
  }
}