{
  "url": "https://v2.docusaurus.io/",
  "requestedUrl": "https://v2.docusaurus.io/",
  "timestamp": 1602741852302,
  "ranks": {
    "hundos": 5,
    "performance": 5,
    "accessibility": 4,
    "cumulative": 5
  },
  "lighthouse": {
    "version": "6.4.1",
    "performance": 0.91,
    "accessibility": 0.99,
    "bestPractices": 1,
    "seo": 0.94,
    "total": 384
  },
  "firstContentfulPaint": 2679.291,
  "speedIndex": 2679.291,
  "largestContentfulPaint": 2829.291,
  "totalBlockingTime": 110,
  "cumulativeLayoutShift": 0.13598175048828126,
  "timeToInteractive": 3488.65,
  "maxPotentialFirstInputDelay": 252,
  "timeToFirstByte": 30.304000000000002,
  "weight": {
    "summary": "23 requests • 271 KiB",
    "total": 277641,
    "image": 56876,
    "imageCount": 9,
    "script": 194893,
    "scriptCount": 10,
    "document": 8376,
    "font": 0,
    "fontCount": 0,
    "stylesheet": 17431,
    "stylesheetCount": 1,
    "thirdParty": 70112,
    "thirdPartyCount": 6
  },
  "axe": {
    "passes": 434,
    "violations": 2
  }
}