{
  "url": "https://v2.docusaurus.io/",
  "requestedUrl": "https://v2.docusaurus.io/",
  "timestamp": 1600409088754,
  "ranks": {
    "hundos": 3,
    "performance": 3,
    "accessibility": 4,
    "cumulative": 3
  },
  "lighthouse": {
    "version": "6.3.0",
    "performance": 0.97,
    "accessibility": 0.99,
    "bestPractices": 1,
    "seo": 0.94,
    "total": 390
  },
  "firstContentfulPaint": 1566.502,
  "speedIndex": 2150.3302349901364,
  "largestContentfulPaint": 1944.6909999999998,
  "totalBlockingTime": 94.5,
  "cumulativeLayoutShift": 0.13598175048828126,
  "timeToInteractive": 3593.2180000000008,
  "maxPotentialFirstInputDelay": 239,
  "timeToFirstByte": 55.581999999999994,
  "weight": {
    "summary": "23 requests • 267 KiB",
    "total": 273706,
    "image": 56566,
    "imageCount": 9,
    "script": 191649,
    "scriptCount": 10,
    "document": 8054,
    "font": 0,
    "fontCount": 0,
    "stylesheet": 17373,
    "stylesheetCount": 1,
    "thirdParty": 68315,
    "thirdPartyCount": 6
  },
  "axe": {
    "passes": 424,
    "violations": 2
  }
}