{
  "url": "https://v2.docusaurus.io/",
  "requestedUrl": "https://v2.docusaurus.io/",
  "timestamp": 1608185032815,
  "ranks": {
    "hundos": 6,
    "performance": 7,
    "accessibility": 3,
    "cumulative": 6
  },
  "lighthouse": {
    "version": "6.5.0",
    "performance": 0.9,
    "accessibility": 0.99,
    "bestPractices": 0.93,
    "seo": 0.94,
    "total": 376
  },
  "firstContentfulPaint": 2726.14,
  "speedIndex": 2726.14,
  "largestContentfulPaint": 3027.64,
  "totalBlockingTime": 129.5,
  "cumulativeLayoutShift": 0,
  "timeToInteractive": 3468.71,
  "maxPotentialFirstInputDelay": 297,
  "timeToFirstByte": 53.72999999999999,
  "weight": {
    "summary": "27 requests • 306 KiB",
    "total": 313531,
    "image": 58239,
    "imageCount": 9,
    "script": 198615,
    "scriptCount": 9,
    "document": 8527,
    "font": 0,
    "fontCount": 0,
    "stylesheet": 17125,
    "stylesheetCount": 1,
    "thirdParty": 71795,
    "thirdPartyCount": 6
  },
  "run": {
    "number": 2,
    "total": 3
  },
  "axe": {
    "passes": 466,
    "violations": 3
  }
}