{
  "url": "https://v2.docusaurus.io/",
  "requestedUrl": "https://v2.docusaurus.io/",
  "timestamp": 1602655370526,
  "ranks": {
    "hundos": 5,
    "performance": 6,
    "accessibility": 4,
    "cumulative": 5
  },
  "lighthouse": {
    "version": "6.4.1",
    "performance": 0.91,
    "accessibility": 0.99,
    "bestPractices": 1,
    "seo": 0.94,
    "total": 384
  },
  "firstContentfulPaint": 2585.848,
  "speedIndex": 2585.848,
  "largestContentfulPaint": 2735.848,
  "totalBlockingTime": 142,
  "cumulativeLayoutShift": 0.13598175048828126,
  "timeToInteractive": 3537.772,
  "maxPotentialFirstInputDelay": 308,
  "timeToFirstByte": 32.973,
  "weight": {
    "summary": "23 requests • 271 KiB",
    "total": 277626,
    "image": 56968,
    "imageCount": 9,
    "script": 194812,
    "scriptCount": 10,
    "document": 8379,
    "font": 0,
    "fontCount": 0,
    "stylesheet": 17402,
    "stylesheetCount": 1,
    "thirdParty": 70117,
    "thirdPartyCount": 6
  },
  "axe": {
    "passes": 434,
    "violations": 2
  }
}