{
  "url": "https://v2.docusaurus.io/",
  "requestedUrl": "https://v2.docusaurus.io/",
  "timestamp": 1603605993954,
  "ranks": {
    "hundos": 4,
    "performance": 3,
    "accessibility": 4,
    "cumulative": 3
  },
  "lighthouse": {
    "version": "6.4.1",
    "performance": 0.97,
    "accessibility": 0.99,
    "bestPractices": 1,
    "seo": 0.94,
    "total": 390
  },
  "firstContentfulPaint": 1552.3400000000001,
  "speedIndex": 2059.4420105182235,
  "largestContentfulPaint": 2074.4630000000006,
  "totalBlockingTime": 185,
  "cumulativeLayoutShift": 0.07646484375000001,
  "timeToInteractive": 3679.509,
  "maxPotentialFirstInputDelay": 332,
  "timeToFirstByte": 30.525000000000002,
  "weight": {
    "summary": "23 requests • 277 KiB",
    "total": 283848,
    "image": 58372,
    "imageCount": 9,
    "script": 198873,
    "scriptCount": 10,
    "document": 8431,
    "font": 0,
    "fontCount": 0,
    "stylesheet": 18107,
    "stylesheetCount": 1,
    "thirdParty": 70763,
    "thirdPartyCount": 6
  },
  "axe": {
    "passes": 445,
    "violations": 2
  }
}