{
  "url": "https://v2.docusaurus.io/",
  "requestedUrl": "https://v2.docusaurus.io/",
  "timestamp": 1606716157380,
  "ranks": {
    "hundos": 5,
    "performance": 6,
    "accessibility": 3,
    "cumulative": 5
  },
  "lighthouse": {
    "version": "6.4.1",
    "performance": 0.9,
    "accessibility": 0.99,
    "bestPractices": 1,
    "seo": 0.94,
    "total": 383
  },
  "firstContentfulPaint": 2688.3909999999996,
  "speedIndex": 2688.3909999999996,
  "largestContentfulPaint": 2994.7989999999995,
  "totalBlockingTime": 185.18200000000024,
  "cumulativeLayoutShift": 0,
  "timeToInteractive": 3420.7529999999997,
  "maxPotentialFirstInputDelay": 327,
  "timeToFirstByte": 42.161,
  "weight": {
    "summary": "27 requests • 306 KiB",
    "total": 313646,
    "image": 58217,
    "imageCount": 9,
    "script": 199882,
    "scriptCount": 9,
    "document": 8595,
    "font": 0,
    "fontCount": 0,
    "stylesheet": 17133,
    "stylesheetCount": 1,
    "thirdParty": 71488,
    "thirdPartyCount": 6
  },
  "axe": {
    "passes": 478,
    "violations": 3
  }
}