{
  "url": "https://v2.docusaurus.io/",
  "requestedUrl": "https://v2.docusaurus.io/",
  "timestamp": 1606975441846,
  "ranks": {
    "hundos": 6,
    "performance": 6,
    "accessibility": 3,
    "cumulative": 6
  },
  "lighthouse": {
    "version": "6.5.0",
    "performance": 0.89,
    "accessibility": 0.99,
    "bestPractices": 0.93,
    "seo": 0.94,
    "total": 375
  },
  "firstContentfulPaint": 2796.859,
  "speedIndex": 2796.859,
  "largestContentfulPaint": 3064.359,
  "totalBlockingTime": 187.5,
  "cumulativeLayoutShift": 0,
  "timeToInteractive": 3503.8590000000004,
  "maxPotentialFirstInputDelay": 365,
  "timeToFirstByte": 32.54599999999999,
  "weight": {
    "summary": "27 requests • 309 KiB",
    "total": 316775,
    "image": 58133,
    "imageCount": 9,
    "script": 202164,
    "scriptCount": 9,
    "document": 8575,
    "font": 0,
    "fontCount": 0,
    "stylesheet": 17234,
    "stylesheetCount": 1,
    "thirdParty": 71487,
    "thirdPartyCount": 6
  },
  "axe": {
    "passes": 481,
    "violations": 3
  }
}