{
  "url": "https://v2.docusaurus.io/",
  "requestedUrl": "https://v2.docusaurus.io/",
  "timestamp": 1604383571459,
  "ranks": {
    "hundos": 3,
    "performance": 4,
    "accessibility": 4,
    "cumulative": 3
  },
  "lighthouse": {
    "version": "6.4.1",
    "performance": 0.97,
    "accessibility": 0.99,
    "bestPractices": 1,
    "seo": 0.94,
    "total": 390
  },
  "firstContentfulPaint": 1543.6390000000001,
  "speedIndex": 2102.7393860917336,
  "largestContentfulPaint": 2068.833,
  "totalBlockingTime": 151.5,
  "cumulativeLayoutShift": 0.07646484375000001,
  "timeToInteractive": 3826.659,
  "maxPotentialFirstInputDelay": 305,
  "timeToFirstByte": 43.49100000000001,
  "weight": {
    "summary": "22 requests • 278 KiB",
    "total": 284587,
    "image": 58110,
    "imageCount": 9,
    "script": 199276,
    "scriptCount": 9,
    "document": 8867,
    "font": 0,
    "fontCount": 0,
    "stylesheet": 18269,
    "stylesheetCount": 1,
    "thirdParty": 71064,
    "thirdPartyCount": 6
  },
  "axe": {
    "passes": 455,
    "violations": 2
  }
}