{
  "url": "https://v2.docusaurus.io/",
  "requestedUrl": "https://v2.docusaurus.io/",
  "timestamp": 1601359554806,
  "ranks": {
    "hundos": 5,
    "performance": 6,
    "accessibility": 4,
    "cumulative": 5
  },
  "lighthouse": {
    "version": "6.3.0",
    "performance": 0.9,
    "accessibility": 0.99,
    "bestPractices": 1,
    "seo": 0.94,
    "total": 383
  },
  "firstContentfulPaint": 2707.302,
  "speedIndex": 2707.302,
  "largestContentfulPaint": 2857.302,
  "totalBlockingTime": 144.5,
  "cumulativeLayoutShift": 0.13598175048828126,
  "timeToInteractive": 3665.9530000000004,
  "maxPotentialFirstInputDelay": 273,
  "timeToFirstByte": 27.278000000000002,
  "weight": {
    "summary": "23 requests • 267 KiB",
    "total": 273633,
    "image": 56928,
    "imageCount": 9,
    "script": 190946,
    "scriptCount": 10,
    "document": 8321,
    "font": 0,
    "fontCount": 0,
    "stylesheet": 17374,
    "stylesheetCount": 1,
    "thirdParty": 69260,
    "thirdPartyCount": 6
  },
  "axe": {
    "passes": 419,
    "violations": 2
  }
}