{
  "url": "https://v2.docusaurus.io/",
  "requestedUrl": "https://v2.docusaurus.io/",
  "timestamp": 1606111380676,
  "ranks": {
    "hundos": 5,
    "performance": 6,
    "accessibility": 3,
    "cumulative": 5
  },
  "lighthouse": {
    "version": "6.4.1",
    "performance": 0.9,
    "accessibility": 0.99,
    "bestPractices": 1,
    "seo": 0.94,
    "total": 383
  },
  "firstContentfulPaint": 2629.588,
  "speedIndex": 2629.588,
  "largestContentfulPaint": 2779.588,
  "totalBlockingTime": 241.7940000000001,
  "cumulativeLayoutShift": 0.07646484375000001,
  "timeToInteractive": 3552.3820000000005,
  "maxPotentialFirstInputDelay": 349,
  "timeToFirstByte": 41.784,
  "weight": {
    "summary": "27 requests • 304 KiB",
    "total": 311374,
    "image": 58081,
    "imageCount": 9,
    "script": 197980,
    "scriptCount": 9,
    "document": 8576,
    "font": 0,
    "fontCount": 0,
    "stylesheet": 16937,
    "stylesheetCount": 1,
    "thirdParty": 71478,
    "thirdPartyCount": 6
  },
  "axe": {
    "passes": 470,
    "violations": 3
  }
}