{
  "url": "https://v2.docusaurus.io/",
  "requestedUrl": "https://v2.docusaurus.io/",
  "timestamp": 1599804214671,
  "ranks": {
    "hundos": 5,
    "performance": 6,
    "accessibility": 4,
    "cumulative": 5
  },
  "lighthouse": {
    "version": "6.3.0",
    "performance": 0.89,
    "accessibility": 0.99,
    "bestPractices": 1,
    "seo": 0.94,
    "total": 382
  },
  "firstContentfulPaint": 1722.9359999999997,
  "speedIndex": 2780.549278338306,
  "largestContentfulPaint": 3145.392,
  "totalBlockingTime": 178.01400000000046,
  "cumulativeLayoutShift": 0.1359375,
  "timeToInteractive": 3924.5799999999995,
  "maxPotentialFirstInputDelay": 330,
  "timeToFirstByte": 107.264,
  "weight": {
    "summary": "23 requests • 265 KiB",
    "total": 271186,
    "image": 56776,
    "imageCount": 9,
    "script": 189017,
    "scriptCount": 10,
    "document": 7958,
    "font": 0,
    "fontCount": 0,
    "stylesheet": 17371,
    "stylesheetCount": 1,
    "thirdParty": 67837,
    "thirdPartyCount": 6
  },
  "axe": {
    "passes": 426,
    "violations": 2
  }
}