{
  "url": "https://v2.docusaurus.io/",
  "requestedUrl": "https://v2.docusaurus.io/",
  "timestamp": 1608444169566,
  "ranks": {
    "hundos": 6,
    "performance": 6,
    "accessibility": 3,
    "cumulative": 6
  },
  "lighthouse": {
    "version": "6.5.0",
    "performance": 0.87,
    "accessibility": 0.99,
    "bestPractices": 0.93,
    "seo": 0.94,
    "total": 373
  },
  "firstContentfulPaint": 2766.827,
  "speedIndex": 2766.827,
  "largestContentfulPaint": 3327.827,
  "totalBlockingTime": 143.50000000000023,
  "cumulativeLayoutShift": 0.07646484375000001,
  "timeToInteractive": 3516.827,
  "maxPotentialFirstInputDelay": 337.00000000000045,
  "timeToFirstByte": 32.42399999999999,
  "weight": {
    "summary": "27 requests • 310 KiB",
    "total": 317017,
    "image": 58264,
    "imageCount": 9,
    "script": 202031,
    "scriptCount": 9,
    "document": 8586,
    "font": 0,
    "fontCount": 0,
    "stylesheet": 17123,
    "stylesheetCount": 1,
    "thirdParty": 71795,
    "thirdPartyCount": 6
  },
  "run": {
    "number": 1,
    "total": 3
  },
  "axe": {
    "passes": 471,
    "violations": 3
  }
}