{
  "url": "https://v2.docusaurus.io/",
  "requestedUrl": "https://v2.docusaurus.io/",
  "timestamp": 1608357858697,
  "ranks": {
    "hundos": 6,
    "performance": 6,
    "accessibility": 3,
    "cumulative": 6
  },
  "lighthouse": {
    "version": "6.5.0",
    "performance": 0.85,
    "accessibility": 0.99,
    "bestPractices": 0.93,
    "seo": 0.94,
    "total": 371
  },
  "firstContentfulPaint": 2786.546,
  "speedIndex": 2786.546,
  "largestContentfulPaint": 3349.546,
  "totalBlockingTime": 264.2729999999999,
  "cumulativeLayoutShift": 0.07646484375000001,
  "timeToInteractive": 3548.8189999999995,
  "maxPotentialFirstInputDelay": 352,
  "timeToFirstByte": 36.719,
  "weight": {
    "summary": "29 requests • 310 KiB",
    "total": 317589,
    "image": 59030,
    "imageCount": 11,
    "script": 201998,
    "scriptCount": 9,
    "document": 8543,
    "font": 0,
    "fontCount": 0,
    "stylesheet": 17121,
    "stylesheetCount": 1,
    "thirdParty": 72585,
    "thirdPartyCount": 8
  },
  "run": {
    "number": 2,
    "total": 3
  },
  "axe": {
    "passes": 471,
    "violations": 3
  }
}