{
  "url": "https://v2.docusaurus.io/",
  "requestedUrl": "https://v2.docusaurus.io/",
  "timestamp": 1599717910286,
  "ranks": {
    "hundos": 5,
    "performance": 6,
    "accessibility": 4,
    "cumulative": 5
  },
  "lighthouse": {
    "version": "6.3.0",
    "performance": 0.92,
    "accessibility": 0.99,
    "bestPractices": 1,
    "seo": 0.94,
    "total": 385
  },
  "firstContentfulPaint": 2597.211,
  "speedIndex": 2597.211,
  "largestContentfulPaint": 2675.1265,
  "totalBlockingTime": 112.5,
  "cumulativeLayoutShift": 0.1359375,
  "timeToInteractive": 3477.316,
  "maxPotentialFirstInputDelay": 253,
  "timeToFirstByte": 57.454,
  "weight": {
    "summary": "23 requests • 265 KiB",
    "total": 271333,
    "image": 56757,
    "imageCount": 9,
    "script": 189068,
    "scriptCount": 10,
    "document": 7977,
    "font": 0,
    "fontCount": 0,
    "stylesheet": 17467,
    "stylesheetCount": 1,
    "thirdParty": 67838,
    "thirdPartyCount": 6
  },
  "axe": {
    "passes": 426,
    "violations": 2
  }
}