{
  "url": "https://v2.docusaurus.io/",
  "requestedUrl": "https://v2.docusaurus.io/",
  "timestamp": 1605420370543,
  "ranks": {
    "hundos": 5,
    "performance": 6,
    "accessibility": 4,
    "cumulative": 5
  },
  "lighthouse": {
    "version": "6.4.1",
    "performance": 0.89,
    "accessibility": 0.99,
    "bestPractices": 1,
    "seo": 0.94,
    "total": 382
  },
  "firstContentfulPaint": 2801.09,
  "speedIndex": 2801.09,
  "largestContentfulPaint": 3066.09,
  "totalBlockingTime": 189,
  "cumulativeLayoutShift": 0,
  "timeToInteractive": 3600.135,
  "maxPotentialFirstInputDelay": 370,
  "timeToFirstByte": 25.601999999999997,
  "weight": {
    "summary": "23 requests • 273 KiB",
    "total": 279220,
    "image": 58110,
    "imageCount": 9,
    "script": 195684,
    "scriptCount": 9,
    "document": 8540,
    "font": 0,
    "fontCount": 0,
    "stylesheet": 16796,
    "stylesheetCount": 1,
    "thirdParty": 71509,
    "thirdPartyCount": 7
  },
  "axe": {
    "passes": 445,
    "violations": 2
  }
}