{
  "url": "https://v2.docusaurus.io/",
  "requestedUrl": "https://v2.docusaurus.io/",
  "timestamp": 1605592962157,
  "ranks": {
    "hundos": 4,
    "performance": 4,
    "accessibility": 4,
    "cumulative": 4
  },
  "lighthouse": {
    "version": "6.4.1",
    "performance": 0.97,
    "accessibility": 0.99,
    "bestPractices": 1,
    "seo": 0.94,
    "total": 390
  },
  "firstContentfulPaint": 1541.3390000000002,
  "speedIndex": 2167.5532910915995,
  "largestContentfulPaint": 2010.7329999999997,
  "totalBlockingTime": 187,
  "cumulativeLayoutShift": 0.07646484375000001,
  "timeToInteractive": 3518.4714999999997,
  "maxPotentialFirstInputDelay": 340,
  "timeToFirstByte": 44.527,
  "weight": {
    "summary": "27 requests • 301 KiB",
    "total": 308486,
    "image": 58203,
    "imageCount": 9,
    "script": 196094,
    "scriptCount": 9,
    "document": 8598,
    "font": 0,
    "fontCount": 0,
    "stylesheet": 16858,
    "stylesheetCount": 1,
    "thirdParty": 71478,
    "thirdPartyCount": 6
  },
  "axe": {
    "passes": 465,
    "violations": 3
  }
}