{
  "url": "https://v2.docusaurus.io/",
  "requestedUrl": "https://v2.docusaurus.io/",
  "timestamp": 1599545082476,
  "ranks": {
    "hundos": 4,
    "performance": 5,
    "accessibility": 4,
    "cumulative": 4
  },
  "lighthouse": {
    "version": "6.3.0",
    "performance": 0.9,
    "accessibility": 0.99,
    "bestPractices": 1,
    "seo": 0.94,
    "total": 383
  },
  "firstContentfulPaint": 2733.942,
  "speedIndex": 2733.942,
  "largestContentfulPaint": 2884.0829999999996,
  "totalBlockingTime": 146,
  "cumulativeLayoutShift": 0.1359375,
  "timeToInteractive": 3539.6310000000003,
  "maxPotentialFirstInputDelay": 307,
  "timeToFirstByte": 59.611999999999995,
  "weight": {
    "summary": "23 requests • 265 KiB",
    "total": 271094,
    "image": 56544,
    "imageCount": 9,
    "script": 189167,
    "scriptCount": 10,
    "document": 7947,
    "font": 0,
    "fontCount": 0,
    "stylesheet": 17372,
    "stylesheetCount": 1,
    "thirdParty": 67798,
    "thirdPartyCount": 6
  },
  "axe": {
    "passes": 426,
    "violations": 2
  }
}