{
  "url": "https://v2.docusaurus.io/",
  "requestedUrl": "https://v2.docusaurus.io/",
  "timestamp": 1603173986727,
  "ranks": {
    "hundos": 6,
    "performance": 7,
    "accessibility": 4,
    "cumulative": 6
  },
  "lighthouse": {
    "version": "6.4.1",
    "performance": 0.79,
    "accessibility": 0.99,
    "bestPractices": 1,
    "seo": 0.94,
    "total": 372
  },
  "firstContentfulPaint": 2757.795,
  "speedIndex": 7016.724773903209,
  "largestContentfulPaint": 2832.795,
  "totalBlockingTime": 214.10249999999996,
  "cumulativeLayoutShift": 0.13598175048828126,
  "timeToInteractive": 3807.795,
  "maxPotentialFirstInputDelay": 326,
  "timeToFirstByte": 3271.0040000000004,
  "weight": {
    "summary": "23 requests • 274 KiB",
    "total": 280240,
    "image": 56928,
    "imageCount": 9,
    "script": 197270,
    "scriptCount": 10,
    "document": 8452,
    "font": 0,
    "fontCount": 0,
    "stylesheet": 17525,
    "stylesheetCount": 1,
    "thirdParty": 70786,
    "thirdPartyCount": 6
  },
  "axe": {
    "passes": 445,
    "violations": 2
  }
}