{
  "url": "https://v2.docusaurus.io/",
  "requestedUrl": "https://v2.docusaurus.io/",
  "timestamp": 1605161053726,
  "ranks": {
    "hundos": 5,
    "performance": 6,
    "accessibility": 4,
    "cumulative": 5
  },
  "lighthouse": {
    "version": "6.4.1",
    "performance": 0.91,
    "accessibility": 0.99,
    "bestPractices": 1,
    "seo": 0.94,
    "total": 384
  },
  "firstContentfulPaint": 2678.120000000001,
  "speedIndex": 2678.120000000001,
  "largestContentfulPaint": 2833.8790000000004,
  "totalBlockingTime": 166.5,
  "cumulativeLayoutShift": 0.07646484375000001,
  "timeToInteractive": 3623.8015000000005,
  "maxPotentialFirstInputDelay": 337,
  "timeToFirstByte": 31.93,
  "weight": {
    "summary": "22 requests • 273 KiB",
    "total": 280045,
    "image": 58204,
    "imageCount": 9,
    "script": 195117,
    "scriptCount": 9,
    "document": 8531,
    "font": 0,
    "fontCount": 0,
    "stylesheet": 18128,
    "stylesheetCount": 1,
    "thirdParty": 71132,
    "thirdPartyCount": 6
  },
  "axe": {
    "passes": 445,
    "violations": 2
  }
}