{
  "url": "https://v2.docusaurus.io/",
  "requestedUrl": "https://v2.docusaurus.io/",
  "timestamp": 1607839455979,
  "ranks": {
    "hundos": 5,
    "performance": 4,
    "accessibility": 3,
    "cumulative": 5
  },
  "lighthouse": {
    "version": "6.5.0",
    "performance": 0.96,
    "accessibility": 0.99,
    "bestPractices": 0.93,
    "seo": 0.94,
    "total": 382
  },
  "firstContentfulPaint": 1553.8500000000004,
  "speedIndex": 2030.2097965112655,
  "largestContentfulPaint": 2063.1240000000007,
  "totalBlockingTime": 195.5,
  "cumulativeLayoutShift": 0.07646484375000001,
  "timeToInteractive": 3615.7600000000007,
  "maxPotentialFirstInputDelay": 311,
  "timeToFirstByte": 59.285,
  "weight": {
    "summary": "27 requests • 307 KiB",
    "total": 314274,
    "image": 57942,
    "imageCount": 9,
    "script": 199908,
    "scriptCount": 9,
    "document": 8543,
    "font": 0,
    "fontCount": 0,
    "stylesheet": 17125,
    "stylesheetCount": 1,
    "thirdParty": 71793,
    "thirdPartyCount": 6
  },
  "run": {
    "number": 2,
    "total": 3
  },
  "axe": {
    "passes": 471,
    "violations": 3
  }
}