{
  "url": "https://v2.docusaurus.io/",
  "requestedUrl": "https://v2.docusaurus.io/",
  "timestamp": 1604556274607,
  "ranks": {
    "hundos": 5,
    "performance": 6,
    "accessibility": 4,
    "cumulative": 5
  },
  "lighthouse": {
    "version": "6.4.1",
    "performance": 0.9,
    "accessibility": 0.99,
    "bestPractices": 1,
    "seo": 0.94,
    "total": 383
  },
  "firstContentfulPaint": 2747.371,
  "speedIndex": 2747.371,
  "largestContentfulPaint": 2897.371,
  "totalBlockingTime": 164.5,
  "cumulativeLayoutShift": 0.07646484375000001,
  "timeToInteractive": 3607.371,
  "maxPotentialFirstInputDelay": 321,
  "timeToFirstByte": 31.295,
  "weight": {
    "summary": "22 requests • 278 KiB",
    "total": 284632,
    "image": 58097,
    "imageCount": 9,
    "script": 199212,
    "scriptCount": 9,
    "document": 8821,
    "font": 0,
    "fontCount": 0,
    "stylesheet": 18437,
    "stylesheetCount": 1,
    "thirdParty": 71142,
    "thirdPartyCount": 6
  },
  "axe": {
    "passes": 455,
    "violations": 2
  }
}