{
  "url": "https://v2.docusaurus.io/",
  "requestedUrl": "https://v2.docusaurus.io/",
  "timestamp": 1604124271576,
  "ranks": {
    "hundos": 5,
    "performance": 6,
    "accessibility": 4,
    "cumulative": 5
  },
  "lighthouse": {
    "version": "6.4.1",
    "performance": 0.9,
    "accessibility": 0.99,
    "bestPractices": 1,
    "seo": 0.94,
    "total": 383
  },
  "firstContentfulPaint": 1663.5059999999999,
  "speedIndex": 2276.724493884043,
  "largestContentfulPaint": 3097.658,
  "totalBlockingTime": 132,
  "cumulativeLayoutShift": 0.19256770833333337,
  "timeToInteractive": 3804.9825,
  "maxPotentialFirstInputDelay": 293,
  "timeToFirstByte": 35.33800000000001,
  "weight": {
    "summary": "22 requests • 278 KiB",
    "total": 284717,
    "image": 58449,
    "imageCount": 9,
    "script": 199124,
    "scriptCount": 9,
    "document": 8825,
    "font": 0,
    "fontCount": 0,
    "stylesheet": 18254,
    "stylesheetCount": 1,
    "thirdParty": 71256,
    "thirdPartyCount": 6
  },
  "axe": {
    "passes": 455,
    "violations": 2
  }
}