{
  "url": "https://v2.docusaurus.io/",
  "requestedUrl": "https://v2.docusaurus.io/",
  "timestamp": 1605679530172,
  "ranks": {
    "hundos": 5,
    "performance": 6,
    "accessibility": 4,
    "cumulative": 5
  },
  "lighthouse": {
    "version": "6.4.1",
    "performance": 0.92,
    "accessibility": 0.99,
    "bestPractices": 1,
    "seo": 0.94,
    "total": 385
  },
  "firstContentfulPaint": 2570.523,
  "speedIndex": 2570.523,
  "largestContentfulPaint": 2720.523,
  "totalBlockingTime": 137.5,
  "cumulativeLayoutShift": 0.07646484375000001,
  "timeToInteractive": 3442.2845000000007,
  "maxPotentialFirstInputDelay": 293,
  "timeToFirstByte": 32.909,
  "weight": {
    "summary": "27 requests • 301 KiB",
    "total": 308656,
    "image": 58274,
    "imageCount": 9,
    "script": 196093,
    "scriptCount": 9,
    "document": 8599,
    "font": 0,
    "fontCount": 0,
    "stylesheet": 16809,
    "stylesheetCount": 1,
    "thirdParty": 71486,
    "thirdPartyCount": 6
  },
  "axe": {
    "passes": 465,
    "violations": 3
  }
}