{
  "url": "https://v2.docusaurus.io/",
  "requestedUrl": "https://v2.docusaurus.io/",
  "timestamp": 1606457163206,
  "ranks": {
    "hundos": 5,
    "performance": 6,
    "accessibility": 3,
    "cumulative": 5
  },
  "lighthouse": {
    "version": "6.4.1",
    "performance": 0.91,
    "accessibility": 0.99,
    "bestPractices": 1,
    "seo": 0.94,
    "total": 384
  },
  "firstContentfulPaint": 2678.657,
  "speedIndex": 2678.657,
  "largestContentfulPaint": 2835.431,
  "totalBlockingTime": 130.5,
  "cumulativeLayoutShift": 0.07646484375000001,
  "timeToInteractive": 3555.7115,
  "maxPotentialFirstInputDelay": 311,
  "timeToFirstByte": 44.3,
  "weight": {
    "summary": "27 requests • 306 KiB",
    "total": 313520,
    "image": 58015,
    "imageCount": 9,
    "script": 200068,
    "scriptCount": 9,
    "document": 8633,
    "font": 0,
    "fontCount": 0,
    "stylesheet": 17000,
    "stylesheetCount": 1,
    "thirdParty": 71492,
    "thirdPartyCount": 6
  },
  "axe": {
    "passes": 478,
    "violations": 3
  }
}