{
  "url": "https://v2.docusaurus.io/",
  "requestedUrl": "https://v2.docusaurus.io/",
  "timestamp": 1608873167013,
  "ranks": {
    "hundos": 6,
    "performance": 8,
    "accessibility": 3,
    "cumulative": 6
  },
  "lighthouse": {
    "version": "6.5.0",
    "performance": 0.86,
    "accessibility": 0.99,
    "bestPractices": 0.93,
    "seo": 0.94,
    "total": 372
  },
  "firstContentfulPaint": 2789.9240000000004,
  "speedIndex": 3085.335557593138,
  "largestContentfulPaint": 3429.148,
  "totalBlockingTime": 125.5,
  "cumulativeLayoutShift": 0,
  "timeToInteractive": 3650.2945,
  "maxPotentialFirstInputDelay": 295,
  "timeToFirstByte": 188.62,
  "weight": {
    "summary": "27 requests • 310 KiB",
    "total": 317023,
    "image": 58008,
    "imageCount": 9,
    "script": 202156,
    "scriptCount": 9,
    "document": 8544,
    "font": 0,
    "fontCount": 0,
    "stylesheet": 17282,
    "stylesheetCount": 1,
    "thirdParty": 71804,
    "thirdPartyCount": 6
  },
  "run": {
    "number": 3,
    "total": 3
  },
  "axe": {
    "passes": 471,
    "violations": 3
  }
}