{
  "url": "https://v2.docusaurus.io/",
  "requestedUrl": "https://v2.docusaurus.io/",
  "timestamp": 1605852323471,
  "ranks": {
    "hundos": 5,
    "performance": 6,
    "accessibility": 3,
    "cumulative": 5
  },
  "lighthouse": {
    "version": "6.4.1",
    "performance": 0.93,
    "accessibility": 0.99,
    "bestPractices": 1,
    "seo": 0.94,
    "total": 386
  },
  "firstContentfulPaint": 1539.288,
  "speedIndex": 1970.9874704264535,
  "largestContentfulPaint": 2979.3450000000003,
  "totalBlockingTime": 124.5,
  "cumulativeLayoutShift": 0.07646484375000001,
  "timeToInteractive": 3454.9410000000003,
  "maxPotentialFirstInputDelay": 261,
  "timeToFirstByte": 44.855999999999995,
  "weight": {
    "summary": "27 requests • 304 KiB",
    "total": 311449,
    "image": 58122,
    "imageCount": 9,
    "script": 197920,
    "scriptCount": 9,
    "document": 8575,
    "font": 0,
    "fontCount": 0,
    "stylesheet": 16930,
    "stylesheetCount": 1,
    "thirdParty": 71480,
    "thirdPartyCount": 6
  },
  "axe": {
    "passes": 470,
    "violations": 3
  }
}