{
  "url": "https://v2.docusaurus.io/",
  "requestedUrl": "https://v2.docusaurus.io/",
  "timestamp": 1605247355342,
  "ranks": {
    "hundos": 5,
    "performance": 6,
    "accessibility": 4,
    "cumulative": 5
  },
  "lighthouse": {
    "version": "6.4.1",
    "performance": 0.92,
    "accessibility": 0.99,
    "bestPractices": 1,
    "seo": 0.94,
    "total": 385
  },
  "firstContentfulPaint": 2576.371,
  "speedIndex": 2576.371,
  "largestContentfulPaint": 2726.371,
  "totalBlockingTime": 135,
  "cumulativeLayoutShift": 0.07646484375000001,
  "timeToInteractive": 3521.0564999999997,
  "maxPotentialFirstInputDelay": 298,
  "timeToFirstByte": 33.80200000000001,
  "weight": {
    "summary": "22 requests • 274 KiB",
    "total": 280478,
    "image": 58244,
    "imageCount": 9,
    "script": 195512,
    "scriptCount": 9,
    "document": 8527,
    "font": 0,
    "fontCount": 0,
    "stylesheet": 18130,
    "stylesheetCount": 1,
    "thirdParty": 71483,
    "thirdPartyCount": 6
  },
  "axe": {
    "passes": 445,
    "violations": 2
  }
}