{
  "url": "https://v2.docusaurus.io/",
  "requestedUrl": "https://v2.docusaurus.io/",
  "timestamp": 1606370574594,
  "ranks": {
    "hundos": 4,
    "performance": 5,
    "accessibility": 3,
    "cumulative": 4
  },
  "lighthouse": {
    "version": "6.4.1",
    "performance": 0.95,
    "accessibility": 0.99,
    "bestPractices": 1,
    "seo": 0.94,
    "total": 388
  },
  "firstContentfulPaint": 2021.31,
  "speedIndex": 2750.865366876097,
  "largestContentfulPaint": 2321.31,
  "totalBlockingTime": 210.6550000000002,
  "cumulativeLayoutShift": 0.07646484375000001,
  "timeToInteractive": 3537.9649999999997,
  "maxPotentialFirstInputDelay": 341,
  "timeToFirstByte": 413.06,
  "weight": {
    "summary": "27 requests • 306 KiB",
    "total": 313292,
    "image": 58076,
    "imageCount": 9,
    "script": 199948,
    "scriptCount": 9,
    "document": 8580,
    "font": 0,
    "fontCount": 0,
    "stylesheet": 16989,
    "stylesheetCount": 1,
    "thirdParty": 71484,
    "thirdPartyCount": 6
  },
  "axe": {
    "passes": 477,
    "violations": 3
  }
}