{
  "url": "https://v2.docusaurus.io/",
  "requestedUrl": "https://v2.docusaurus.io/",
  "timestamp": 1604038012090,
  "ranks": {
    "hundos": 5,
    "performance": 6,
    "accessibility": 4,
    "cumulative": 5
  },
  "lighthouse": {
    "version": "6.4.1",
    "performance": 0.9,
    "accessibility": 0.99,
    "bestPractices": 1,
    "seo": 0.94,
    "total": 383
  },
  "firstContentfulPaint": 2512.137,
  "speedIndex": 2512.137,
  "largestContentfulPaint": 2887.5845,
  "totalBlockingTime": 232.5,
  "cumulativeLayoutShift": 0.07646484375000001,
  "timeToInteractive": 3768.89,
  "maxPotentialFirstInputDelay": 380,
  "timeToFirstByte": 27.707,
  "weight": {
    "summary": "23 requests • 278 KiB",
    "total": 284950,
    "image": 58428,
    "imageCount": 9,
    "script": 199656,
    "scriptCount": 10,
    "document": 8522,
    "font": 0,
    "fontCount": 0,
    "stylesheet": 18279,
    "stylesheetCount": 1,
    "thirdParty": 71266,
    "thirdPartyCount": 6
  },
  "axe": {
    "passes": 454,
    "violations": 2
  }
}