{
  "url": "https://v2.docusaurus.io/",
  "requestedUrl": "https://v2.docusaurus.io/",
  "timestamp": 1600236317851,
  "ranks": {
    "hundos": 4,
    "performance": 5,
    "accessibility": 4,
    "cumulative": 4
  },
  "lighthouse": {
    "version": "6.3.0",
    "performance": 0.91,
    "accessibility": 0.99,
    "bestPractices": 1,
    "seo": 0.94,
    "total": 384
  },
  "firstContentfulPaint": 1676.3689999999997,
  "speedIndex": 2562.9524578304013,
  "largestContentfulPaint": 3077.893,
  "totalBlockingTime": 97,
  "cumulativeLayoutShift": 0.13598175048828126,
  "timeToInteractive": 3658.196,
  "maxPotentialFirstInputDelay": 244,
  "timeToFirstByte": 155.326,
  "weight": {
    "summary": "23 requests • 267 KiB",
    "total": 273675,
    "image": 56653,
    "imageCount": 9,
    "script": 191569,
    "scriptCount": 10,
    "document": 8016,
    "font": 0,
    "fontCount": 0,
    "stylesheet": 17373,
    "stylesheetCount": 1,
    "thirdParty": 68300,
    "thirdPartyCount": 6
  },
  "axe": {
    "passes": 424,
    "violations": 2
  }
}