{
  "url": "https://v2.docusaurus.io/",
  "requestedUrl": "https://v2.docusaurus.io/",
  "timestamp": 1601877984864,
  "ranks": {
    "hundos": 5,
    "performance": 5,
    "accessibility": 4,
    "cumulative": 5
  },
  "lighthouse": {
    "version": "6.4.1",
    "performance": 0.89,
    "accessibility": 0.99,
    "bestPractices": 1,
    "seo": 0.94,
    "total": 382
  },
  "firstContentfulPaint": 2783.489,
  "speedIndex": 2783.489,
  "largestContentfulPaint": 3053.489,
  "totalBlockingTime": 183.5,
  "cumulativeLayoutShift": 0,
  "timeToInteractive": 3557.2335000000003,
  "maxPotentialFirstInputDelay": 360,
  "timeToFirstByte": 30.688000000000002,
  "weight": {
    "summary": "23 requests • 269 KiB",
    "total": 275503,
    "image": 56793,
    "imageCount": 9,
    "script": 192877,
    "scriptCount": 10,
    "document": 8369,
    "font": 0,
    "fontCount": 0,
    "stylesheet": 17400,
    "stylesheetCount": 1,
    "thirdParty": 69507,
    "thirdPartyCount": 6
  },
  "axe": {
    "passes": 424,
    "violations": 2
  }
}