{
  "url": "https://v2.docusaurus.io/",
  "requestedUrl": "https://v2.docusaurus.io/",
  "timestamp": 1599458663368,
  "ranks": {
    "hundos": 5,
    "performance": 6,
    "accessibility": 4,
    "cumulative": 5
  },
  "lighthouse": {
    "version": "6.3.0",
    "performance": 0.92,
    "accessibility": 0.99,
    "bestPractices": 1,
    "seo": 0.94,
    "total": 385
  },
  "firstContentfulPaint": 1595.7740000000001,
  "speedIndex": 2290.1858950114784,
  "largestContentfulPaint": 3047.7169999999996,
  "totalBlockingTime": 147.5,
  "cumulativeLayoutShift": 0.1359375,
  "timeToInteractive": 3569.433,
  "maxPotentialFirstInputDelay": 300,
  "timeToFirstByte": 45.220000000000006,
  "weight": {
    "summary": "23 requests • 265 KiB",
    "total": 271218,
    "image": 56661,
    "imageCount": 9,
    "script": 189141,
    "scriptCount": 10,
    "document": 7980,
    "font": 0,
    "fontCount": 0,
    "stylesheet": 17372,
    "stylesheetCount": 1,
    "thirdParty": 67817,
    "thirdPartyCount": 6
  },
  "axe": {
    "passes": 426,
    "violations": 2
  }
}