{
  "url": "https://v2.docusaurus.io/",
  "requestedUrl": "https://v2.docusaurus.io/",
  "timestamp": 1605765860572,
  "ranks": {
    "hundos": 4,
    "performance": 6,
    "accessibility": 3,
    "cumulative": 4
  },
  "lighthouse": {
    "version": "6.4.1",
    "performance": 0.96,
    "accessibility": 0.99,
    "bestPractices": 1,
    "seo": 0.94,
    "total": 389
  },
  "firstContentfulPaint": 1544.558,
  "speedIndex": 2115.4857557537243,
  "largestContentfulPaint": 2064.5860000000002,
  "totalBlockingTime": 196.99999999999977,
  "cumulativeLayoutShift": 0.07646484375000001,
  "timeToInteractive": 3665.487,
  "maxPotentialFirstInputDelay": 309.99999999999955,
  "timeToFirstByte": 34.471999999999994,
  "weight": {
    "summary": "27 requests • 304 KiB",
    "total": 311552,
    "image": 58126,
    "imageCount": 9,
    "script": 198014,
    "scriptCount": 9,
    "document": 8617,
    "font": 0,
    "fontCount": 0,
    "stylesheet": 16880,
    "stylesheetCount": 1,
    "thirdParty": 71503,
    "thirdPartyCount": 6
  },
  "axe": {
    "passes": 470,
    "violations": 3
  }
}