{
  "url": "https://v2.docusaurus.io/",
  "requestedUrl": "https://v2.docusaurus.io/",
  "timestamp": 1607320982536,
  "ranks": {
    "hundos": 5,
    "performance": 4,
    "accessibility": 3,
    "cumulative": 5
  },
  "lighthouse": {
    "version": "6.5.0",
    "performance": 0.96,
    "accessibility": 0.99,
    "bestPractices": 0.93,
    "seo": 0.94,
    "total": 382
  },
  "firstContentfulPaint": 1547.0769999999998,
  "speedIndex": 2028.9096413012899,
  "largestContentfulPaint": 2049.8499999999995,
  "totalBlockingTime": 158.5,
  "cumulativeLayoutShift": 0.19240722656250003,
  "timeToInteractive": 3560.009499999999,
  "maxPotentialFirstInputDelay": 305,
  "timeToFirstByte": 37.73,
  "weight": {
    "summary": "27 requests • 307 KiB",
    "total": 313936,
    "image": 58061,
    "imageCount": 9,
    "script": 199473,
    "scriptCount": 9,
    "document": 8535,
    "font": 0,
    "fontCount": 0,
    "stylesheet": 17137,
    "stylesheetCount": 1,
    "thirdParty": 71515,
    "thirdPartyCount": 6
  },
  "axe": {
    "passes": 471,
    "violations": 3
  }
}