{
  "url": "https://v2.docusaurus.io/",
  "requestedUrl": "https://v2.docusaurus.io/",
  "timestamp": 1607580164772,
  "ranks": {
    "hundos": 5,
    "performance": 5,
    "accessibility": 3,
    "cumulative": 5
  },
  "lighthouse": {
    "version": "6.5.0",
    "performance": 0.96,
    "accessibility": 0.99,
    "bestPractices": 0.93,
    "seo": 0.94,
    "total": 382
  },
  "firstContentfulPaint": 2001.358,
  "speedIndex": 2103.575819986219,
  "largestContentfulPaint": 2301.358,
  "totalBlockingTime": 176,
  "cumulativeLayoutShift": 0.07646484375000001,
  "timeToInteractive": 3486.0369999999994,
  "maxPotentialFirstInputDelay": 322,
  "timeToFirstByte": 29.485000000000003,
  "weight": {
    "summary": "27 requests • 307 KiB",
    "total": 314292,
    "image": 58147,
    "imageCount": 9,
    "script": 199742,
    "scriptCount": 9,
    "document": 8588,
    "font": 0,
    "fontCount": 0,
    "stylesheet": 17092,
    "stylesheetCount": 1,
    "thirdParty": 71803,
    "thirdPartyCount": 6
  },
  "axe": {
    "passes": 471,
    "violations": 3
  }
}