{
  "url": "https://v2.docusaurus.io/",
  "requestedUrl": "https://v2.docusaurus.io/",
  "timestamp": 1606629914070,
  "ranks": {
    "hundos": 4,
    "performance": 3,
    "accessibility": 3,
    "cumulative": 3
  },
  "lighthouse": {
    "version": "6.4.1",
    "performance": 0.99,
    "accessibility": 0.99,
    "bestPractices": 1,
    "seo": 0.94,
    "total": 392
  },
  "firstContentfulPaint": 1539.3299999999997,
  "speedIndex": 1911.9860056072027,
  "largestContentfulPaint": 1539.3299999999997,
  "totalBlockingTime": 115.5,
  "cumulativeLayoutShift": 0.07646484375000001,
  "timeToInteractive": 3437.6324999999997,
  "maxPotentialFirstInputDelay": 267,
  "timeToFirstByte": 35.738,
  "weight": {
    "summary": "27 requests • 306 KiB",
    "total": 313364,
    "image": 57923,
    "imageCount": 9,
    "script": 200051,
    "scriptCount": 9,
    "document": 8593,
    "font": 0,
    "fontCount": 0,
    "stylesheet": 17119,
    "stylesheetCount": 1,
    "thirdParty": 71487,
    "thirdPartyCount": 6
  },
  "axe": {
    "passes": 478,
    "violations": 3
  }
}