{
  "url": "https://v2.docusaurus.io/",
  "requestedUrl": "https://v2.docusaurus.io/",
  "timestamp": 1607753066687,
  "ranks": {
    "hundos": 6,
    "performance": 6,
    "accessibility": 3,
    "cumulative": 6
  },
  "lighthouse": {
    "version": "6.5.0",
    "performance": 0.85,
    "accessibility": 0.99,
    "bestPractices": 0.93,
    "seo": 0.94,
    "total": 371
  },
  "firstContentfulPaint": 1660.478,
  "speedIndex": 2196.9536934320877,
  "largestContentfulPaint": 3105.8450000000003,
  "totalBlockingTime": 411,
  "cumulativeLayoutShift": 0.07825564236111113,
  "timeToInteractive": 3780.76,
  "maxPotentialFirstInputDelay": 360,
  "timeToFirstByte": 42.967999999999996,
  "weight": {
    "summary": "27 requests • 307 KiB",
    "total": 314291,
    "image": 58018,
    "imageCount": 9,
    "script": 199889,
    "scriptCount": 9,
    "document": 8540,
    "font": 0,
    "fontCount": 0,
    "stylesheet": 17127,
    "stylesheetCount": 1,
    "thirdParty": 71807,
    "thirdPartyCount": 6
  },
  "axe": {
    "passes": 471,
    "violations": 3
  }
}