{
  "url": "https://nextjs.org/",
  "requestedUrl": "https://nextjs.org/",
  "timestamp": 1600927337072,
  "ranks": {
    "hundos": 3,
    "performance": 5,
    "accessibility": 8,
    "cumulative": 3
  },
  "lighthouse": {
    "version": "6.3.0",
    "performance": 0.92,
    "accessibility": 0.97,
    "bestPractices": 1,
    "seo": 1,
    "total": 389
  },
  "firstContentfulPaint": 1960.3609999999999,
  "speedIndex": 1960.3609999999999,
  "largestContentfulPaint": 2940.5415,
  "totalBlockingTime": 83.5,
  "cumulativeLayoutShift": 0.1430629408094618,
  "timeToInteractive": 3416.8239999999996,
  "maxPotentialFirstInputDelay": 163,
  "timeToFirstByte": 6.245999999999999,
  "weight": {
    "summary": "44 requests • 552 KiB",
    "total": 565748,
    "image": 0,
    "imageCount": 0,
    "script": 208178,
    "scriptCount": 15,
    "document": 46349,
    "font": 37042,
    "fontCount": 1,
    "stylesheet": 2530,
    "stylesheetCount": 1,
    "thirdParty": 92340,
    "thirdPartyCount": 4
  },
  "axe": {
    "passes": 807,
    "violations": 37
  }
}