{
  "url": "https://nextjs.org/",
  "requestedUrl": "https://nextjs.org/",
  "timestamp": 1602137154575,
  "ranks": {
    "hundos": 4,
    "performance": 6,
    "accessibility": 8,
    "cumulative": 5
  },
  "lighthouse": {
    "version": "6.4.1",
    "performance": 0.87,
    "accessibility": 0.97,
    "bestPractices": 1,
    "seo": 1,
    "total": 384
  },
  "firstContentfulPaint": 1972.6120000000005,
  "speedIndex": 1972.6120000000005,
  "largestContentfulPaint": 2960.2790000000005,
  "totalBlockingTime": 366,
  "cumulativeLayoutShift": 0.1430629408094618,
  "timeToInteractive": 3460.661,
  "maxPotentialFirstInputDelay": 280,
  "timeToFirstByte": 9.899000000000001,
  "weight": {
    "summary": "44 requests • 553 KiB",
    "total": 566773,
    "image": 0,
    "imageCount": 0,
    "script": 208997,
    "scriptCount": 15,
    "document": 46351,
    "font": 37052,
    "fontCount": 1,
    "stylesheet": 2531,
    "stylesheetCount": 1,
    "thirdParty": 93182,
    "thirdPartyCount": 4
  },
  "axe": {
    "passes": 807,
    "violations": 37
  }
}