{
  "url": "https://nextjs.org/",
  "requestedUrl": "https://nextjs.org/",
  "timestamp": 1607493738653,
  "ranks": {
    "hundos": 3,
    "performance": 5,
    "accessibility": 9,
    "cumulative": 3
  },
  "lighthouse": {
    "version": "6.5.0",
    "performance": 0.94,
    "accessibility": 0.97,
    "bestPractices": 1,
    "seo": 1,
    "total": 391
  },
  "firstContentfulPaint": 1817.2359999999999,
  "speedIndex": 1817.2359999999999,
  "largestContentfulPaint": 2492.236,
  "totalBlockingTime": 253,
  "cumulativeLayoutShift": 0.05105577553643121,
  "timeToInteractive": 3622.042,
  "maxPotentialFirstInputDelay": 225,
  "timeToFirstByte": 9.334999999999999,
  "weight": {
    "summary": "65 requests • 493 KiB",
    "total": 504994,
    "image": 0,
    "imageCount": 0,
    "script": 220055,
    "scriptCount": 31,
    "document": 46156,
    "font": 37051,
    "fontCount": 1,
    "stylesheet": 2581,
    "stylesheetCount": 1,
    "thirdParty": 95400,
    "thirdPartyCount": 6
  },
  "axe": {
    "passes": 853,
    "violations": 41
  }
}