{
  "url": "https://nextjs.org/",
  "requestedUrl": "https://nextjs.org/",
  "timestamp": 1608444230063,
  "ranks": {
    "hundos": 3,
    "performance": 4,
    "accessibility": 9,
    "cumulative": 3
  },
  "lighthouse": {
    "version": "6.5.0",
    "performance": 0.96,
    "accessibility": 0.97,
    "bestPractices": 1,
    "seo": 1,
    "total": 393
  },
  "firstContentfulPaint": 1661.9320000000002,
  "speedIndex": 1661.9320000000002,
  "largestContentfulPaint": 2487.174,
  "totalBlockingTime": 95.00000000000023,
  "cumulativeLayoutShift": 0.05105577553643121,
  "timeToInteractive": 3812.2635,
  "maxPotentialFirstInputDelay": 234,
  "timeToFirstByte": 8.256,
  "weight": {
    "summary": "65 requests • 493 KiB",
    "total": 505009,
    "image": 0,
    "imageCount": 0,
    "script": 220016,
    "scriptCount": 31,
    "document": 46155,
    "font": 37051,
    "fontCount": 1,
    "stylesheet": 2604,
    "stylesheetCount": 1,
    "thirdParty": 95398,
    "thirdPartyCount": 6
  },
  "run": {
    "number": 2,
    "total": 3
  },
  "axe": {
    "passes": 853,
    "violations": 41
  }
}