{
  "url": "https://nextjs.org/",
  "requestedUrl": "https://nextjs.org/",
  "timestamp": 1600149836726,
  "ranks": {
    "hundos": 4,
    "performance": 5,
    "accessibility": 9,
    "cumulative": 4
  },
  "lighthouse": {
    "version": "6.3.0",
    "performance": 0.89,
    "accessibility": 0.97,
    "bestPractices": 1,
    "seo": 1,
    "total": 386
  },
  "firstContentfulPaint": 1662.134,
  "speedIndex": 1662.134,
  "largestContentfulPaint": 2562.134,
  "totalBlockingTime": 376,
  "cumulativeLayoutShift": 0.1430629408094618,
  "timeToInteractive": 3554.612,
  "maxPotentialFirstInputDelay": 241,
  "timeToFirstByte": 4.199,
  "weight": {
    "summary": "44 requests • 552 KiB",
    "total": 565077,
    "image": 0,
    "imageCount": 0,
    "script": 206483,
    "scriptCount": 15,
    "document": 46152,
    "font": 37051,
    "fontCount": 1,
    "stylesheet": 2554,
    "stylesheetCount": 1,
    "thirdParty": 91257,
    "thirdPartyCount": 4
  },
  "axe": {
    "passes": 807,
    "violations": 37
  }
}