{
  "url": "https://nextjs.org/",
  "requestedUrl": "https://nextjs.org/",
  "timestamp": 1607753128646,
  "ranks": {
    "hundos": 3,
    "performance": 4,
    "accessibility": 9,
    "cumulative": 3
  },
  "lighthouse": {
    "version": "6.5.0",
    "performance": 0.96,
    "accessibility": 0.97,
    "bestPractices": 1,
    "seo": 1,
    "total": 393
  },
  "firstContentfulPaint": 1667.8310000000001,
  "speedIndex": 1667.8310000000001,
  "largestContentfulPaint": 2492.831,
  "totalBlockingTime": 82,
  "cumulativeLayoutShift": 0.05105577553643121,
  "timeToInteractive": 3555.396,
  "maxPotentialFirstInputDelay": 213,
  "timeToFirstByte": 18.826,
  "weight": {
    "summary": "65 requests • 493 KiB",
    "total": 505063,
    "image": 0,
    "imageCount": 0,
    "script": 220032,
    "scriptCount": 31,
    "document": 46156,
    "font": 37051,
    "fontCount": 1,
    "stylesheet": 2605,
    "stylesheetCount": 1,
    "thirdParty": 95400,
    "thirdPartyCount": 6
  },
  "axe": {
    "passes": 853,
    "violations": 41
  }
}