{
  "url": "https://nextjs.org/",
  "requestedUrl": "https://nextjs.org/",
  "timestamp": 1601791564655,
  "ranks": {
    "hundos": 4,
    "performance": 5,
    "accessibility": 8,
    "cumulative": 4
  },
  "lighthouse": {
    "version": "6.4.1",
    "performance": 0.89,
    "accessibility": 0.97,
    "bestPractices": 1,
    "seo": 1,
    "total": 386
  },
  "firstContentfulPaint": 1961.964,
  "speedIndex": 1961.964,
  "largestContentfulPaint": 2640.438,
  "totalBlockingTime": 380.99999999999955,
  "cumulativeLayoutShift": 0.1430629408094618,
  "timeToInteractive": 3475.9969999999985,
  "maxPotentialFirstInputDelay": 269.99999999999955,
  "timeToFirstByte": 9.290000000000003,
  "weight": {
    "summary": "44 requests • 553 KiB",
    "total": 566102,
    "image": 0,
    "imageCount": 0,
    "script": 208404,
    "scriptCount": 15,
    "document": 46349,
    "font": 37042,
    "fontCount": 1,
    "stylesheet": 2531,
    "stylesheetCount": 1,
    "thirdParty": 92577,
    "thirdPartyCount": 4
  },
  "axe": {
    "passes": 807,
    "violations": 37
  }
}