{
  "url": "https://nextjs.org/",
  "requestedUrl": "https://nextjs.org/",
  "timestamp": 1601964239298,
  "ranks": {
    "hundos": 3,
    "performance": 6,
    "accessibility": 8,
    "cumulative": 3
  },
  "lighthouse": {
    "version": "6.4.1",
    "performance": 0.91,
    "accessibility": 0.97,
    "bestPractices": 1,
    "seo": 1,
    "total": 388
  },
  "firstContentfulPaint": 1970.519,
  "speedIndex": 1970.519,
  "largestContentfulPaint": 2649.184,
  "totalBlockingTime": 285,
  "cumulativeLayoutShift": 0.1430629408094618,
  "timeToInteractive": 3475.639,
  "maxPotentialFirstInputDelay": 214,
  "timeToFirstByte": 4.779999999999999,
  "weight": {
    "summary": "44 requests • 553 KiB",
    "total": 565955,
    "image": 0,
    "imageCount": 0,
    "script": 208406,
    "scriptCount": 15,
    "document": 46350,
    "font": 37042,
    "fontCount": 1,
    "stylesheet": 2531,
    "stylesheetCount": 1,
    "thirdParty": 92578,
    "thirdPartyCount": 4
  },
  "axe": {
    "passes": 807,
    "violations": 37
  }
}