{
  "url": "https://nextjs.org/",
  "requestedUrl": "https://nextjs.org/",
  "timestamp": 1604037730803,
  "ranks": {
    "hundos": 3,
    "performance": 5,
    "accessibility": 9,
    "cumulative": 4
  },
  "lighthouse": {
    "version": "6.4.1",
    "performance": 0.9,
    "accessibility": 0.97,
    "bestPractices": 1,
    "seo": 1,
    "total": 387
  },
  "firstContentfulPaint": 2117.7619999999997,
  "speedIndex": 2117.7619999999997,
  "largestContentfulPaint": 2720.098,
  "totalBlockingTime": 341.49999999999955,
  "cumulativeLayoutShift": 0.05105577553643121,
  "timeToInteractive": 3561.066999999999,
  "maxPotentialFirstInputDelay": 277,
  "timeToFirstByte": 12.065999999999999,
  "weight": {
    "summary": "48 requests • 481 KiB",
    "total": 492894,
    "image": 0,
    "imageCount": 0,
    "script": 221375,
    "scriptCount": 16,
    "document": 46323,
    "font": 37051,
    "fontCount": 1,
    "stylesheet": 2563,
    "stylesheetCount": 1,
    "thirdParty": 94600,
    "thirdPartyCount": 6
  },
  "axe": {
    "passes": 837,
    "violations": 42
  }
}