{
  "url": "https://nextjs.org/",
  "requestedUrl": "https://nextjs.org/",
  "timestamp": 1604469882417,
  "ranks": {
    "hundos": 3,
    "performance": 5,
    "accessibility": 9,
    "cumulative": 3
  },
  "lighthouse": {
    "version": "6.4.1",
    "performance": 0.94,
    "accessibility": 0.97,
    "bestPractices": 1,
    "seo": 1,
    "total": 391
  },
  "firstContentfulPaint": 2115.1989999999996,
  "speedIndex": 2115.1989999999996,
  "largestContentfulPaint": 2715.4029999999993,
  "totalBlockingTime": 76,
  "cumulativeLayoutShift": 0.05105577553643121,
  "timeToInteractive": 3427.001999999999,
  "maxPotentialFirstInputDelay": 99,
  "timeToFirstByte": 19.183000000000003,
  "weight": {
    "summary": "48 requests • 482 KiB",
    "total": 493544,
    "image": 0,
    "imageCount": 0,
    "script": 221467,
    "scriptCount": 16,
    "document": 46326,
    "font": 37051,
    "fontCount": 1,
    "stylesheet": 2562,
    "stylesheetCount": 1,
    "thirdParty": 94600,
    "thirdPartyCount": 6
  },
  "axe": {
    "passes": 837,
    "violations": 42
  }
}