{
  "url": "https://nextjs.org/",
  "requestedUrl": "https://nextjs.org/",
  "timestamp": 1608012151652,
  "ranks": {
    "hundos": 3,
    "performance": 5,
    "accessibility": 9,
    "cumulative": 3
  },
  "lighthouse": {
    "version": "6.5.0",
    "performance": 0.93,
    "accessibility": 0.97,
    "bestPractices": 1,
    "seo": 1,
    "total": 390
  },
  "firstContentfulPaint": 1809.9440000000002,
  "speedIndex": 1809.9440000000002,
  "largestContentfulPaint": 2785.7435000000005,
  "totalBlockingTime": 248.29550000000017,
  "cumulativeLayoutShift": 0.05105577553643121,
  "timeToInteractive": 3655.6035,
  "maxPotentialFirstInputDelay": 262.0000000000002,
  "timeToFirstByte": 8.940999999999999,
  "weight": {
    "summary": "65 requests • 493 KiB",
    "total": 505063,
    "image": 0,
    "imageCount": 0,
    "script": 220023,
    "scriptCount": 31,
    "document": 46158,
    "font": 37042,
    "fontCount": 1,
    "stylesheet": 2606,
    "stylesheetCount": 1,
    "thirdParty": 95391,
    "thirdPartyCount": 6
  },
  "run": {
    "number": 1,
    "total": 3
  },
  "axe": {
    "passes": 853,
    "violations": 41
  }
}