{
  "url": "https://nextjs.org/",
  "requestedUrl": "https://nextjs.org/",
  "timestamp": 1599977044775,
  "ranks": {
    "hundos": 3,
    "performance": 5,
    "accessibility": 9,
    "cumulative": 3
  },
  "lighthouse": {
    "version": "6.3.0",
    "performance": 0.91,
    "accessibility": 0.97,
    "bestPractices": 1,
    "seo": 1,
    "total": 388
  },
  "firstContentfulPaint": 2130.7780000000002,
  "speedIndex": 2130.7780000000002,
  "largestContentfulPaint": 2971.0825000000004,
  "totalBlockingTime": 201.99999999999977,
  "cumulativeLayoutShift": 0.1430629408094618,
  "timeToInteractive": 3419.4310000000005,
  "maxPotentialFirstInputDelay": 221,
  "timeToFirstByte": 25.276,
  "weight": {
    "summary": "44 requests • 552 KiB",
    "total": 565030,
    "image": 0,
    "imageCount": 0,
    "script": 206484,
    "scriptCount": 15,
    "document": 46152,
    "font": 37042,
    "fontCount": 1,
    "stylesheet": 2530,
    "stylesheetCount": 1,
    "thirdParty": 91248,
    "thirdPartyCount": 4
  },
  "axe": {
    "passes": 807,
    "violations": 37
  }
}