{
  "url": "https://nextjs.org/",
  "requestedUrl": "https://nextjs.org/",
  "timestamp": 1606457048162,
  "ranks": {
    "hundos": 3,
    "performance": 4,
    "accessibility": 9,
    "cumulative": 3
  },
  "lighthouse": {
    "version": "6.4.1",
    "performance": 0.96,
    "accessibility": 0.97,
    "bestPractices": 1,
    "seo": 1,
    "total": 393
  },
  "firstContentfulPaint": 1808.0350000000003,
  "speedIndex": 1808.0350000000003,
  "largestContentfulPaint": 2483.2015,
  "totalBlockingTime": 66,
  "cumulativeLayoutShift": 0.05105577553643121,
  "timeToInteractive": 3520.785,
  "maxPotentialFirstInputDelay": 122,
  "timeToFirstByte": 50.197,
  "weight": {
    "summary": "65 requests • 493 KiB",
    "total": 504545,
    "image": 0,
    "imageCount": 0,
    "script": 219696,
    "scriptCount": 31,
    "document": 46153,
    "font": 37042,
    "fontCount": 1,
    "stylesheet": 2606,
    "stylesheetCount": 1,
    "thirdParty": 95068,
    "thirdPartyCount": 6
  },
  "axe": {
    "passes": 853,
    "violations": 41
  }
}