{
  "url": "https://nextjs.org/",
  "requestedUrl": "https://nextjs.org/",
  "timestamp": 1605938635257,
  "ranks": {
    "hundos": 3,
    "performance": 4,
    "accessibility": 9,
    "cumulative": 3
  },
  "lighthouse": {
    "version": "6.4.1",
    "performance": 0.96,
    "accessibility": 0.97,
    "bestPractices": 1,
    "seo": 1,
    "total": 393
  },
  "firstContentfulPaint": 1514.9060000000004,
  "speedIndex": 1514.9060000000004,
  "largestContentfulPaint": 2492.2005,
  "totalBlockingTime": 159.4409999999998,
  "cumulativeLayoutShift": 0.05105577553643121,
  "timeToInteractive": 3672.4530000000004,
  "maxPotentialFirstInputDelay": 212,
  "timeToFirstByte": 4.696999999999999,
  "weight": {
    "summary": "65 requests • 493 KiB",
    "total": 504405,
    "image": 0,
    "imageCount": 0,
    "script": 219571,
    "scriptCount": 31,
    "document": 46157,
    "font": 37051,
    "fontCount": 1,
    "stylesheet": 2606,
    "stylesheetCount": 1,
    "thirdParty": 95077,
    "thirdPartyCount": 6
  },
  "axe": {
    "passes": 853,
    "violations": 41
  }
}