{
  "url": "https://nextjs.org/",
  "requestedUrl": "https://nextjs.org/",
  "timestamp": 1606975498110,
  "ranks": {
    "hundos": 3,
    "performance": 5,
    "accessibility": 9,
    "cumulative": 3
  },
  "lighthouse": {
    "version": "6.5.0",
    "performance": 0.94,
    "accessibility": 0.97,
    "bestPractices": 1,
    "seo": 1,
    "total": 391
  },
  "firstContentfulPaint": 1658.432,
  "speedIndex": 1658.432,
  "largestContentfulPaint": 2483.7344999999996,
  "totalBlockingTime": 260,
  "cumulativeLayoutShift": 0.05105577553643121,
  "timeToInteractive": 3657.5969999999993,
  "maxPotentialFirstInputDelay": 220,
  "timeToFirstByte": 7.1739999999999995,
  "weight": {
    "summary": "65 requests • 493 KiB",
    "total": 504597,
    "image": 0,
    "imageCount": 0,
    "script": 219722,
    "scriptCount": 31,
    "document": 46156,
    "font": 37043,
    "fontCount": 1,
    "stylesheet": 2606,
    "stylesheetCount": 1,
    "thirdParty": 95069,
    "thirdPartyCount": 6
  },
  "axe": {
    "passes": 853,
    "violations": 41
  }
}