{
  "url": "https://nextjs.org/",
  "requestedUrl": "https://nextjs.org/",
  "timestamp": 1601532117566,
  "ranks": {
    "hundos": 4,
    "performance": 5,
    "accessibility": 8,
    "cumulative": 4
  },
  "lighthouse": {
    "version": "6.3.0",
    "performance": 0.89,
    "accessibility": 0.97,
    "bestPractices": 1,
    "seo": 1,
    "total": 386
  },
  "firstContentfulPaint": 1966.8369999999998,
  "speedIndex": 1966.8369999999998,
  "largestContentfulPaint": 2650.2255000000005,
  "totalBlockingTime": 360,
  "cumulativeLayoutShift": 0.1430629408094618,
  "timeToInteractive": 3500.730000000001,
  "maxPotentialFirstInputDelay": 247.00000000000045,
  "timeToFirstByte": 18.992,
  "weight": {
    "summary": "44 requests • 553 KiB",
    "total": 565775,
    "image": 0,
    "imageCount": 0,
    "script": 208195,
    "scriptCount": 15,
    "document": 46351,
    "font": 37042,
    "fontCount": 1,
    "stylesheet": 2530,
    "stylesheetCount": 1,
    "thirdParty": 92371,
    "thirdPartyCount": 4
  },
  "axe": {
    "passes": 807,
    "violations": 37
  }
}