{
  "url": "https://nextjs.org/",
  "requestedUrl": "https://nextjs.org/",
  "timestamp": 1608873138992,
  "ranks": {
    "hundos": 3,
    "performance": 5,
    "accessibility": 9,
    "cumulative": 3
  },
  "lighthouse": {
    "version": "6.5.0",
    "performance": 0.96,
    "accessibility": 0.97,
    "bestPractices": 1,
    "seo": 1,
    "total": 393
  },
  "firstContentfulPaint": 1833.415,
  "speedIndex": 1833.415,
  "largestContentfulPaint": 2517.64,
  "totalBlockingTime": 38.5,
  "cumulativeLayoutShift": 0.05105577553643121,
  "timeToInteractive": 3657.0802501678477,
  "maxPotentialFirstInputDelay": 81,
  "timeToFirstByte": 8.877000000000002,
  "weight": {
    "summary": "65 requests • 493 KiB",
    "total": 505105,
    "image": 0,
    "imageCount": 0,
    "script": 220044,
    "scriptCount": 31,
    "document": 46152,
    "font": 37042,
    "fontCount": 1,
    "stylesheet": 2606,
    "stylesheetCount": 1,
    "thirdParty": 95392,
    "thirdPartyCount": 6
  },
  "run": {
    "number": 3,
    "total": 3
  },
  "axe": {
    "passes": 853,
    "violations": 41
  }
}