{
  "url": "https://nextjs.org/",
  "requestedUrl": "https://nextjs.org/",
  "timestamp": 1601100307899,
  "ranks": {
    "hundos": 3,
    "performance": 5,
    "accessibility": 8,
    "cumulative": 3
  },
  "lighthouse": {
    "version": "6.3.0",
    "performance": 0.93,
    "accessibility": 0.97,
    "bestPractices": 1,
    "seo": 1,
    "total": 390
  },
  "firstContentfulPaint": 1966.8339999999998,
  "speedIndex": 1966.8339999999998,
  "largestContentfulPaint": 2500.251,
  "totalBlockingTime": 298,
  "cumulativeLayoutShift": 0,
  "timeToInteractive": 3429.974,
  "maxPotentialFirstInputDelay": 248,
  "timeToFirstByte": 12.236,
  "weight": {
    "summary": "44 requests • 552 KiB",
    "total": 565715,
    "image": 0,
    "imageCount": 0,
    "script": 208172,
    "scriptCount": 15,
    "document": 46350,
    "font": 37051,
    "fontCount": 1,
    "stylesheet": 2530,
    "stylesheetCount": 1,
    "thirdParty": 92349,
    "thirdPartyCount": 4
  },
  "axe": {
    "passes": 807,
    "violations": 37
  }
}