{
  "url": "https://nextjs.org/",
  "requestedUrl": "https://nextjs.org/",
  "timestamp": 1604728925979,
  "ranks": {
    "hundos": 3,
    "performance": 5,
    "accessibility": 9,
    "cumulative": 3
  },
  "lighthouse": {
    "version": "6.4.1",
    "performance": 0.93,
    "accessibility": 0.97,
    "bestPractices": 1,
    "seo": 1,
    "total": 390
  },
  "firstContentfulPaint": 2117.0260000000003,
  "speedIndex": 2117.0260000000003,
  "largestContentfulPaint": 2717.402,
  "totalBlockingTime": 206,
  "cumulativeLayoutShift": 0.05105577553643121,
  "timeToInteractive": 3390.0370000000003,
  "maxPotentialFirstInputDelay": 218,
  "timeToFirstByte": 8.254000000000001,
  "weight": {
    "summary": "48 requests • 482 KiB",
    "total": 493794,
    "image": 0,
    "imageCount": 0,
    "script": 221619,
    "scriptCount": 16,
    "document": 46327,
    "font": 37074,
    "fontCount": 1,
    "stylesheet": 2563,
    "stylesheetCount": 1,
    "thirdParty": 94731,
    "thirdPartyCount": 6
  },
  "axe": {
    "passes": 837,
    "violations": 42
  }
}