{
  "url": "https://www.gatsbyjs.com/",
  "requestedUrl": "https://www.gatsbyjs.com/",
  "timestamp": 1605420320471,
  "ranks": {
    "hundos": 7,
    "performance": 11,
    "accessibility": 1,
    "cumulative": 7
  },
  "lighthouse": {
    "version": "6.4.1",
    "performance": 0.6,
    "accessibility": 1,
    "bestPractices": 1,
    "seo": 0.99,
    "total": 359
  },
  "firstContentfulPaint": 1805.239,
  "speedIndex": 3375.464100908582,
  "largestContentfulPaint": 2887.384,
  "totalBlockingTime": 1583.9999999999968,
  "cumulativeLayoutShift": 0.04616368272569444,
  "timeToInteractive": 8708.50078199768,
  "maxPotentialFirstInputDelay": 731.9999999999982,
  "timeToFirstByte": 117.358,
  "weight": {
    "summary": "55 requests • 738 KiB",
    "total": 755865,
    "image": 66373,
    "imageCount": 13,
    "script": 498294,
    "scriptCount": 23,
    "document": 71678,
    "font": 54846,
    "fontCount": 3,
    "stylesheet": 6079,
    "stylesheetCount": 1,
    "thirdParty": 209823,
    "thirdPartyCount": 27
  },
  "axe": {
    "passes": 1638,
    "violations": 0
  }
}