{
  "url": "https://www.gatsbyjs.com/",
  "requestedUrl": "https://www.gatsbyjs.com/",
  "timestamp": 1604037960905,
  "ranks": {
    "hundos": 11,
    "performance": 12,
    "accessibility": 1,
    "cumulative": 11
  },
  "lighthouse": {
    "version": "6.4.1",
    "performance": 0.44,
    "accessibility": 1,
    "bestPractices": 1,
    "seo": 0.99,
    "total": 343
  },
  "firstContentfulPaint": 2535.2769999999996,
  "speedIndex": 3580.36564324588,
  "largestContentfulPaint": 5859.153048347473,
  "totalBlockingTime": 1093.4855000000007,
  "cumulativeLayoutShift": 0.04812288411458333,
  "timeToInteractive": 8278.437048347474,
  "maxPotentialFirstInputDelay": 667.0000000000005,
  "timeToFirstByte": 10.240000000000002,
  "weight": {
    "summary": "59 requests • 775 KiB",
    "total": 793770,
    "image": 99633,
    "imageCount": 11,
    "script": 510415,
    "scriptCount": 25,
    "document": 83927,
    "font": 54853,
    "fontCount": 3,
    "stylesheet": 6045,
    "stylesheetCount": 1,
    "thirdParty": 144265,
    "thirdPartyCount": 18
  },
  "axe": {
    "passes": 1642,
    "violations": 0
  }
}