{
  "url": "https://www.gatsbyjs.com/",
  "requestedUrl": "https://www.gatsbyjs.com/",
  "timestamp": 1608184989665,
  "ranks": {
    "hundos": 7,
    "performance": 12,
    "accessibility": 4,
    "cumulative": 7
  },
  "lighthouse": {
    "version": "6.5.0",
    "performance": 0.65,
    "accessibility": 0.98,
    "bestPractices": 1,
    "seo": 0.99,
    "total": 362
  },
  "firstContentfulPaint": 2405.697,
  "speedIndex": 2716.7425198030373,
  "largestContentfulPaint": 3858.8010000000013,
  "totalBlockingTime": 653.9999999999995,
  "cumulativeLayoutShift": 0.002921676635742188,
  "timeToInteractive": 7079.825,
  "maxPotentialFirstInputDelay": 445.99999999999955,
  "timeToFirstByte": 83.144,
  "weight": {
    "summary": "48 requests • 607 KiB",
    "total": 621828,
    "image": 26650,
    "imageCount": 12,
    "script": 413900,
    "scriptCount": 22,
    "document": 72340,
    "font": 54817,
    "fontCount": 3,
    "stylesheet": 0,
    "stylesheetCount": 0,
    "thirdParty": 178012,
    "thirdPartyCount": 26
  },
  "run": {
    "number": 2,
    "total": 3
  },
  "axe": {
    "passes": 1537,
    "violations": 2
  }
}