{
  "url": "https://www.gatsbyjs.com/",
  "requestedUrl": "https://www.gatsbyjs.com/",
  "timestamp": 1604469695816,
  "ranks": {
    "hundos": 11,
    "performance": 12,
    "accessibility": 1,
    "cumulative": 11
  },
  "lighthouse": {
    "version": "6.4.1",
    "performance": 0.53,
    "accessibility": 1,
    "bestPractices": 1,
    "seo": 0.99,
    "total": 352
  },
  "firstContentfulPaint": 2728.302,
  "speedIndex": 3526.7594142775715,
  "largestContentfulPaint": 5791.954048347473,
  "totalBlockingTime": 609.0969999999998,
  "cumulativeLayoutShift": 0.05413373480902777,
  "timeToInteractive": 8186.450363059998,
  "maxPotentialFirstInputDelay": 488,
  "timeToFirstByte": 11.803000000000004,
  "weight": {
    "summary": "61 requests • 830 KiB",
    "total": 850010,
    "image": 99665,
    "imageCount": 12,
    "script": 563274,
    "scriptCount": 24,
    "document": 88834,
    "font": 54823,
    "fontCount": 3,
    "stylesheet": 6045,
    "stylesheetCount": 1,
    "thirdParty": 144291,
    "thirdPartyCount": 20
  },
  "axe": {
    "passes": 1529,
    "violations": 0
  }
}