{
  "url": "https://www.gatsbyjs.com/",
  "requestedUrl": "https://www.gatsbyjs.com/",
  "timestamp": 1608271309794,
  "ranks": {
    "hundos": 7,
    "performance": 12,
    "accessibility": 4,
    "cumulative": 7
  },
  "lighthouse": {
    "version": "6.5.0",
    "performance": 0.73,
    "accessibility": 0.98,
    "bestPractices": 1,
    "seo": 0.99,
    "total": 370
  },
  "firstContentfulPaint": 2421.3869999999997,
  "speedIndex": 2510.5623570051566,
  "largestContentfulPaint": 3871.241999999999,
  "totalBlockingTime": 423.50000000000045,
  "cumulativeLayoutShift": 0.002921676635742188,
  "timeToInteractive": 6964.762000000001,
  "maxPotentialFirstInputDelay": 470,
  "timeToFirstByte": 13.500999999999998,
  "weight": {
    "summary": "49 requests • 608 KiB",
    "total": 622702,
    "image": 26654,
    "imageCount": 12,
    "script": 414598,
    "scriptCount": 23,
    "document": 72481,
    "font": 54820,
    "fontCount": 3,
    "stylesheet": 0,
    "stylesheetCount": 0,
    "thirdParty": 178007,
    "thirdPartyCount": 26
  },
  "run": {
    "number": 1,
    "total": 3
  },
  "axe": {
    "passes": 1537,
    "violations": 2
  }
}