{
  "url": "https://www.gatsbyjs.com/",
  "requestedUrl": "https://www.gatsbyjs.com/",
  "timestamp": 1604556120563,
  "ranks": {
    "hundos": 11,
    "performance": 12,
    "accessibility": 1,
    "cumulative": 11
  },
  "lighthouse": {
    "version": "6.4.1",
    "performance": 0.44,
    "accessibility": 1,
    "bestPractices": 1,
    "seo": 0.99,
    "total": 343
  },
  "firstContentfulPaint": 2612.22,
  "speedIndex": 3698.434167354202,
  "largestContentfulPaint": 6647.222548347472,
  "totalBlockingTime": 970.3429516525284,
  "cumulativeLayoutShift": 0.05413373480902777,
  "timeToInteractive": 8063.467048347475,
  "maxPotentialFirstInputDelay": 562.0000000000009,
  "timeToFirstByte": 12.194999999999993,
  "weight": {
    "summary": "61 requests • 801 KiB",
    "total": 819850,
    "image": 99642,
    "imageCount": 12,
    "script": 533175,
    "scriptCount": 24,
    "document": 88841,
    "font": 54823,
    "fontCount": 3,
    "stylesheet": 6045,
    "stylesheetCount": 1,
    "thirdParty": 144569,
    "thirdPartyCount": 20
  },
  "axe": {
    "passes": 1529,
    "violations": 0
  }
}