{
  "url": "https://www.gatsbyjs.com/",
  "requestedUrl": "https://www.gatsbyjs.com/",
  "timestamp": 1608786936697,
  "ranks": {
    "hundos": 7,
    "performance": 10,
    "accessibility": 4,
    "cumulative": 7
  },
  "lighthouse": {
    "version": "6.5.0",
    "performance": 0.76,
    "accessibility": 0.98,
    "bestPractices": 1,
    "seo": 0.99,
    "total": 373
  },
  "firstContentfulPaint": 1672.972,
  "speedIndex": 2290.3765686542315,
  "largestContentfulPaint": 3800.4114502639763,
  "totalBlockingTime": 414,
  "cumulativeLayoutShift": 0.002921676635742188,
  "timeToInteractive": 6586.223999999998,
  "maxPotentialFirstInputDelay": 450,
  "timeToFirstByte": 29.966,
  "weight": {
    "summary": "49 requests • 608 KiB",
    "total": 623043,
    "image": 26665,
    "imageCount": 12,
    "script": 414893,
    "scriptCount": 23,
    "document": 72493,
    "font": 54819,
    "fontCount": 3,
    "stylesheet": 0,
    "stylesheetCount": 0,
    "thirdParty": 178206,
    "thirdPartyCount": 26
  },
  "run": {
    "number": 2,
    "total": 3
  },
  "axe": {
    "passes": 1626,
    "violations": 2
  }
}