{
  "url": "https://www.gatsbyjs.com/",
  "requestedUrl": "https://www.gatsbyjs.com/",
  "timestamp": 1607839499814,
  "ranks": {
    "hundos": 7,
    "performance": 11,
    "accessibility": 4,
    "cumulative": 7
  },
  "lighthouse": {
    "version": "6.5.0",
    "performance": 0.65,
    "accessibility": 0.98,
    "bestPractices": 1,
    "seo": 0.99,
    "total": 362
  },
  "firstContentfulPaint": 2400.1419999999994,
  "speedIndex": 2540.802402705707,
  "largestContentfulPaint": 3768.8289999999997,
  "totalBlockingTime": 705.9669999999987,
  "cumulativeLayoutShift": 0.0027477874755859376,
  "timeToInteractive": 7137.202999999999,
  "maxPotentialFirstInputDelay": 553,
  "timeToFirstByte": 11.815000000000005,
  "weight": {
    "summary": "48 requests • 605 KiB",
    "total": 619651,
    "image": 26670,
    "imageCount": 12,
    "script": 408507,
    "scriptCount": 22,
    "document": 73143,
    "font": 54794,
    "fontCount": 3,
    "stylesheet": 0,
    "stylesheetCount": 0,
    "thirdParty": 177911,
    "thirdPartyCount": 26
  },
  "run": {
    "number": 3,
    "total": 3
  },
  "axe": {
    "passes": 1665,
    "violations": 2
  }
}