{
  "url": "https://www.gatsbyjs.com/",
  "requestedUrl": "https://www.gatsbyjs.com/",
  "timestamp": 1607752916212,
  "ranks": {
    "hundos": 8,
    "performance": 11,
    "accessibility": 4,
    "cumulative": 8
  },
  "lighthouse": {
    "version": "6.5.0",
    "performance": 0.64,
    "accessibility": 0.98,
    "bestPractices": 1,
    "seo": 0.99,
    "total": 361
  },
  "firstContentfulPaint": 2349.6380000000004,
  "speedIndex": 2647.066232504202,
  "largestContentfulPaint": 3682.7355,
  "totalBlockingTime": 809,
  "cumulativeLayoutShift": 0.0027477874755859376,
  "timeToInteractive": 6685.178000000001,
  "maxPotentialFirstInputDelay": 525.9999999999995,
  "timeToFirstByte": 8.475000000000001,
  "weight": {
    "summary": "48 requests • 594 KiB",
    "total": 608578,
    "image": 26647,
    "imageCount": 12,
    "script": 399817,
    "scriptCount": 22,
    "document": 73141,
    "font": 54793,
    "fontCount": 3,
    "stylesheet": 0,
    "stylesheetCount": 0,
    "thirdParty": 177914,
    "thirdPartyCount": 26
  },
  "axe": {
    "passes": 1576,
    "violations": 2
  }
}