{
  "url": "https://www.gatsbyjs.com/",
  "requestedUrl": "https://www.gatsbyjs.com/",
  "timestamp": 1608873122871,
  "ranks": {
    "hundos": 7,
    "performance": 10,
    "accessibility": 4,
    "cumulative": 7
  },
  "lighthouse": {
    "version": "6.5.0",
    "performance": 0.73,
    "accessibility": 0.98,
    "bestPractices": 1,
    "seo": 0.99,
    "total": 370
  },
  "firstContentfulPaint": 2419.7540000000004,
  "speedIndex": 2578.7087326682167,
  "largestContentfulPaint": 3633.7531832351688,
  "totalBlockingTime": 436,
  "cumulativeLayoutShift": 0.002921676635742188,
  "timeToInteractive": 6996.5790000000015,
  "maxPotentialFirstInputDelay": 488,
  "timeToFirstByte": 14.027000000000001,
  "weight": {
    "summary": "49 requests • 609 KiB",
    "total": 623353,
    "image": 26656,
    "imageCount": 12,
    "script": 415210,
    "scriptCount": 23,
    "document": 72499,
    "font": 54803,
    "fontCount": 3,
    "stylesheet": 0,
    "stylesheetCount": 0,
    "thirdParty": 178194,
    "thirdPartyCount": 26
  },
  "run": {
    "number": 3,
    "total": 3
  },
  "axe": {
    "passes": 1537,
    "violations": 2
  }
}