{
  "url": "https://www.gatsbyjs.com/",
  "requestedUrl": "https://www.gatsbyjs.com/",
  "timestamp": 1606802522036,
  "ranks": {
    "hundos": 10,
    "performance": 12,
    "accessibility": 4,
    "cumulative": 10
  },
  "lighthouse": {
    "version": "6.4.1",
    "performance": 0.55,
    "accessibility": 0.98,
    "bestPractices": 1,
    "seo": 0.99,
    "total": 352
  },
  "firstContentfulPaint": 2575.9750000000004,
  "speedIndex": 2864.0088205610755,
  "largestContentfulPaint": 4755.631000000001,
  "totalBlockingTime": 846.5440000000003,
  "cumulativeLayoutShift": 0.002921676635742188,
  "timeToInteractive": 7117.530500000003,
  "maxPotentialFirstInputDelay": 498,
  "timeToFirstByte": 14.768,
  "weight": {
    "summary": "51 requests • 627 KiB",
    "total": 642045,
    "image": 26245,
    "imageCount": 12,
    "script": 429214,
    "scriptCount": 23,
    "document": 71230,
    "font": 54854,
    "fontCount": 3,
    "stylesheet": 6078,
    "stylesheetCount": 1,
    "thirdParty": 169131,
    "thirdPartyCount": 26
  },
  "axe": {
    "passes": 1669,
    "violations": 2
  }
}