{
  "url": "https://www.gatsbyjs.com/",
  "requestedUrl": "https://www.gatsbyjs.com/",
  "timestamp": 1601964120012,
  "ranks": {
    "hundos": 8,
    "performance": 11,
    "accessibility": 1,
    "cumulative": 8
  },
  "lighthouse": {
    "version": "6.4.1",
    "performance": 0.64,
    "accessibility": 1,
    "bestPractices": 1,
    "seo": 0.99,
    "total": 363
  },
  "firstContentfulPaint": 1773.6309999999999,
  "speedIndex": 3251.7668547800918,
  "largestContentfulPaint": 2938.5279999999993,
  "totalBlockingTime": 968.7247670440684,
  "cumulativeLayoutShift": 0.04812288411458333,
  "timeToInteractive": 8319.910232955934,
  "maxPotentialFirstInputDelay": 615.0000000000009,
  "timeToFirstByte": 91.191,
  "weight": {
    "summary": "59 requests • 718 KiB",
    "total": 735572,
    "image": 99554,
    "imageCount": 10,
    "script": 456488,
    "scriptCount": 26,
    "document": 81780,
    "font": 54827,
    "fontCount": 3,
    "stylesheet": 6109,
    "stylesheetCount": 1,
    "thirdParty": 94422,
    "thirdPartyCount": 14
  },
  "axe": {
    "passes": 1523,
    "violations": 0
  }
}