{
  "url": "https://www.gatsbyjs.com/",
  "requestedUrl": "https://www.gatsbyjs.com/",
  "timestamp": 1608613809590,
  "ranks": {
    "hundos": 8,
    "performance": 12,
    "accessibility": 4,
    "cumulative": 8
  },
  "lighthouse": {
    "version": "6.5.0",
    "performance": 0.57,
    "accessibility": 0.98,
    "bestPractices": 1,
    "seo": 0.99,
    "total": 354
  },
  "firstContentfulPaint": 2401.446,
  "speedIndex": 2654.908806161409,
  "largestContentfulPaint": 4174.778,
  "totalBlockingTime": 953.9999999999995,
  "cumulativeLayoutShift": 0.002921676635742188,
  "timeToInteractive": 7390.17,
  "maxPotentialFirstInputDelay": 566.9999999999995,
  "timeToFirstByte": 12.399000000000001,
  "weight": {
    "summary": "49 requests • 608 KiB",
    "total": 622819,
    "image": 26655,
    "imageCount": 12,
    "script": 414704,
    "scriptCount": 23,
    "document": 72498,
    "font": 54822,
    "fontCount": 3,
    "stylesheet": 0,
    "stylesheetCount": 0,
    "thirdParty": 178056,
    "thirdPartyCount": 26
  },
  "run": {
    "number": 1,
    "total": 3
  },
  "axe": {
    "passes": 1626,
    "violations": 2
  }
}