{
  "url": "https://www.gatsbyjs.com/",
  "requestedUrl": "https://www.gatsbyjs.com/",
  "timestamp": 1601445799419,
  "ranks": {
    "hundos": 8,
    "performance": 11,
    "accessibility": 1,
    "cumulative": 8
  },
  "lighthouse": {
    "version": "6.3.0",
    "performance": 0.62,
    "accessibility": 1,
    "bestPractices": 1,
    "seo": 0.99,
    "total": 361
  },
  "firstContentfulPaint": 2590.4619999999995,
  "speedIndex": 2813.906292449725,
  "largestContentfulPaint": 3396.0969999999998,
  "totalBlockingTime": 847.2215000000015,
  "cumulativeLayoutShift": 0.04812288411458333,
  "timeToInteractive": 7774.711732955936,
  "maxPotentialFirstInputDelay": 648,
  "timeToFirstByte": 12.549999999999997,
  "weight": {
    "summary": "59 requests • 718 KiB",
    "total": 735272,
    "image": 99633,
    "imageCount": 10,
    "script": 456041,
    "scriptCount": 26,
    "document": 81751,
    "font": 54849,
    "fontCount": 3,
    "stylesheet": 6109,
    "stylesheetCount": 1,
    "thirdParty": 94056,
    "thirdPartyCount": 14
  },
  "axe": {
    "passes": 1612,
    "violations": 0
  }
}