{
  "url": "https://www.gatsbyjs.com/",
  "requestedUrl": "https://www.gatsbyjs.com/",
  "timestamp": 1608012234704,
  "ranks": {
    "hundos": 7,
    "performance": 11,
    "accessibility": 4,
    "cumulative": 7
  },
  "lighthouse": {
    "version": "6.5.0",
    "performance": 0.64,
    "accessibility": 0.98,
    "bestPractices": 1,
    "seo": 0.99,
    "total": 361
  },
  "firstContentfulPaint": 1655.252,
  "speedIndex": 3008.6391292275093,
  "largestContentfulPaint": 2929.477,
  "totalBlockingTime": 1250.499999999999,
  "cumulativeLayoutShift": 0.002921676635742188,
  "timeToInteractive": 7228.488048347472,
  "maxPotentialFirstInputDelay": 563.9999999999995,
  "timeToFirstByte": 66.469,
  "weight": {
    "summary": "48 requests • 594 KiB",
    "total": 608704,
    "image": 26654,
    "imageCount": 12,
    "script": 399924,
    "scriptCount": 22,
    "document": 73144,
    "font": 54824,
    "fontCount": 3,
    "stylesheet": 0,
    "stylesheetCount": 0,
    "thirdParty": 177996,
    "thirdPartyCount": 26
  },
  "run": {
    "number": 2,
    "total": 3
  },
  "axe": {
    "passes": 1665,
    "violations": 2
  }
}