{
  "url": "https://www.gatsbyjs.com/",
  "requestedUrl": "https://www.gatsbyjs.com/",
  "timestamp": 1607320926083,
  "ranks": {
    "hundos": 8,
    "performance": 12,
    "accessibility": 4,
    "cumulative": 8
  },
  "lighthouse": {
    "version": "6.5.0",
    "performance": 0.6,
    "accessibility": 0.98,
    "bestPractices": 1,
    "seo": 0.99,
    "total": 357
  },
  "firstContentfulPaint": 2681.263,
  "speedIndex": 2806.956308747656,
  "largestContentfulPaint": 3471.5680000000007,
  "totalBlockingTime": 977,
  "cumulativeLayoutShift": 0.0027477874755859376,
  "timeToInteractive": 7465.849,
  "maxPotentialFirstInputDelay": 576,
  "timeToFirstByte": 8.656000000000006,
  "weight": {
    "summary": "51 requests • 640 KiB",
    "total": 655841,
    "image": 26657,
    "imageCount": 12,
    "script": 446921,
    "scriptCount": 25,
    "document": 73292,
    "font": 54822,
    "fontCount": 3,
    "stylesheet": 0,
    "stylesheetCount": 0,
    "thirdParty": 177078,
    "thirdPartyCount": 26
  },
  "axe": {
    "passes": 1575,
    "violations": 2
  }
}