{
  "url": "https://www.gatsbyjs.com/",
  "requestedUrl": "https://www.gatsbyjs.com/",
  "timestamp": 1600236199247,
  "ranks": {
    "hundos": 10,
    "performance": 12,
    "accessibility": 1,
    "cumulative": 10
  },
  "lighthouse": {
    "version": "6.3.0",
    "performance": 0.59,
    "accessibility": 1,
    "bestPractices": 1,
    "seo": 0.99,
    "total": 358
  },
  "firstContentfulPaint": 3212.8450000000003,
  "speedIndex": 3212.8450000000003,
  "largestContentfulPaint": 3937.7545,
  "totalBlockingTime": 706.5352146224973,
  "cumulativeLayoutShift": 0.03710237630208333,
  "timeToInteractive": 7573.624048347475,
  "maxPotentialFirstInputDelay": 494,
  "timeToFirstByte": 14.161999999999999,
  "weight": {
    "summary": "52 requests • 718 KiB",
    "total": 735197,
    "image": 99530,
    "imageCount": 10,
    "script": 460754,
    "scriptCount": 21,
    "document": 81801,
    "font": 54797,
    "fontCount": 3,
    "stylesheet": 6109,
    "stylesheetCount": 1,
    "thirdParty": 93402,
    "thirdPartyCount": 14
  },
  "axe": {
    "passes": 1617,
    "violations": 0
  }
}