{
  "url": "https://www.gatsbyjs.com/",
  "requestedUrl": "https://www.gatsbyjs.com/",
  "timestamp": 1603260221799,
  "ranks": {
    "hundos": 7,
    "performance": 11,
    "accessibility": 1,
    "cumulative": 7
  },
  "lighthouse": {
    "version": "6.4.1",
    "performance": 0.65,
    "accessibility": 1,
    "bestPractices": 1,
    "seo": 0.99,
    "total": 364
  },
  "firstContentfulPaint": 2585.699,
  "speedIndex": 2836.926357868091,
  "largestContentfulPaint": 4035.8959999999997,
  "totalBlockingTime": 531,
  "cumulativeLayoutShift": 0.04812288411458333,
  "timeToInteractive": 7877.560048347474,
  "maxPotentialFirstInputDelay": 560,
  "timeToFirstByte": 12.198,
  "weight": {
    "summary": "56 requests • 725 KiB",
    "total": 742468,
    "image": 99863,
    "imageCount": 10,
    "script": 461734,
    "scriptCount": 23,
    "document": 83315,
    "font": 54801,
    "fontCount": 3,
    "stylesheet": 6109,
    "stylesheetCount": 1,
    "thirdParty": 95307,
    "thirdPartyCount": 14
  },
  "axe": {
    "passes": 1631,
    "violations": 0
  }
}