{
  "url": "https://www.gatsbyjs.com/",
  "requestedUrl": "https://www.gatsbyjs.com/",
  "timestamp": 1608700505234,
  "ranks": {
    "hundos": 8,
    "performance": 12,
    "accessibility": 4,
    "cumulative": 8
  },
  "lighthouse": {
    "version": "6.5.0",
    "performance": 0.62,
    "accessibility": 0.98,
    "bestPractices": 1,
    "seo": 0.99,
    "total": 359
  },
  "firstContentfulPaint": 2406.137,
  "speedIndex": 2641.1049771281914,
  "largestContentfulPaint": 3858.7550000000006,
  "totalBlockingTime": 811.0000000000005,
  "cumulativeLayoutShift": 0.002921676635742188,
  "timeToInteractive": 7132.388000000001,
  "maxPotentialFirstInputDelay": 509.00000000000045,
  "timeToFirstByte": 13.178999999999995,
  "weight": {
    "summary": "49 requests • 608 KiB",
    "total": 622966,
    "image": 26656,
    "imageCount": 12,
    "script": 414843,
    "scriptCount": 23,
    "document": 72497,
    "font": 54845,
    "fontCount": 3,
    "stylesheet": 0,
    "stylesheetCount": 0,
    "thirdParty": 178201,
    "thirdPartyCount": 26
  },
  "run": {
    "number": 3,
    "total": 3
  },
  "axe": {
    "passes": 1626,
    "violations": 2
  }
}