{
  "url": "https://www.gatsbyjs.com/",
  "requestedUrl": "https://www.gatsbyjs.com/",
  "timestamp": 1601705033163,
  "ranks": {
    "hundos": 8,
    "performance": 10,
    "accessibility": 1,
    "cumulative": 8
  },
  "lighthouse": {
    "version": "6.4.1",
    "performance": 0.61,
    "accessibility": 1,
    "bestPractices": 1,
    "seo": 0.99,
    "total": 360
  },
  "firstContentfulPaint": 2245.333,
  "speedIndex": 2782.2519205987583,
  "largestContentfulPaint": 3373.6980000000003,
  "totalBlockingTime": 1011.631767044068,
  "cumulativeLayoutShift": 0.04812288411458333,
  "timeToInteractive": 8066.881232955933,
  "maxPotentialFirstInputDelay": 691,
  "timeToFirstByte": 11.857,
  "weight": {
    "summary": "59 requests • 720 KiB",
    "total": 736939,
    "image": 99499,
    "imageCount": 10,
    "script": 458051,
    "scriptCount": 26,
    "document": 81752,
    "font": 54798,
    "fontCount": 3,
    "stylesheet": 6109,
    "stylesheetCount": 1,
    "thirdParty": 94363,
    "thirdPartyCount": 14
  },
  "axe": {
    "passes": 1612,
    "violations": 0
  }
}